-- phpMyAdmin SQL Dump
-- version 5.2.0
-- https://www.phpmyadmin.net/
--
-- Servidor: 127.0.0.1
-- Tiempo de generación: 04-03-2024 a las 20:54:50
-- Versión del servidor: 10.4.27-MariaDB
-- Versión de PHP: 8.1.12

SET SQL_MODE = "NO_AUTO_VALUE_ON_ZERO";
START TRANSACTION;
SET time_zone = "+00:00";


/*!40101 SET @OLD_CHARACTER_SET_CLIENT=@@CHARACTER_SET_CLIENT */;
/*!40101 SET @OLD_CHARACTER_SET_RESULTS=@@CHARACTER_SET_RESULTS */;
/*!40101 SET @OLD_COLLATION_CONNECTION=@@COLLATION_CONNECTION */;
/*!40101 SET NAMES utf8mb4 */;

--
-- Base de datos: `academia2`
--
CREATE DATABASE IF NOT EXISTS `academia2` DEFAULT CHARACTER SET utf8mb4 COLLATE utf8mb4_unicode_ci;
USE `academia2`;

-- --------------------------------------------------------

--
-- Estructura de tabla para la tabla `asignaturas`
--

CREATE TABLE `asignaturas` (
  `id` int(11) NOT NULL,
  `nombre` varchar(50) NOT NULL,
  `curso` int(11) NOT NULL
) ENGINE=InnoDB DEFAULT CHARSET=utf8mb4 COLLATE=utf8mb4_unicode_ci;

--
-- Volcado de datos para la tabla `asignaturas`
--

INSERT INTO `asignaturas` (`id`, `nombre`, `curso`) VALUES
(1, 'Física y Química', 4),
(2, 'Física y Química', 5),
(3, 'Física y Química', 6),
(4, 'Tecnología', 7),
(5, 'Matemáticas', 4),
(6, 'Matemáticas', 5),
(7, 'Matemáticas', 6),
(8, 'Matemáticas', 7),
(9, 'Biología y Geología', 4),
(10, 'Biología y Geología', 5),
(11, 'Biología y Geología', 6),
(12, 'Biología y Geología', 7),
(13, 'Física y Química', 8),
(15, 'Tecnología e Ingeniería II', 9),
(16, 'Física', 9),
(17, 'Química', 9),
(18, 'Tecnología e Ingeniería I', 8),
(20, 'Matemáticas', 8),
(21, 'Matemáticas', 9);

-- --------------------------------------------------------

--
-- Estructura de tabla para la tabla `cursos`
--

CREATE TABLE `cursos` (
  `id` int(11) NOT NULL,
  `curso` varchar(50) NOT NULL
) ENGINE=InnoDB DEFAULT CHARSET=utf8mb4 COLLATE=utf8mb4_unicode_ci;

--
-- Volcado de datos para la tabla `cursos`
--

INSERT INTO `cursos` (`id`, `curso`) VALUES
(8, '1º Bachillerato'),
(4, '1º ESO'),
(9, '2º Bachillerato'),
(5, '2º ESO'),
(6, '3º ESO'),
(1, '4º Educación Primaria'),
(7, '4º ESO'),
(2, '5º Educación Primaria'),
(3, '6º Educación Primaria');

-- --------------------------------------------------------

--
-- Estructura de tabla para la tabla `exercicios`
--

CREATE TABLE `exercicios` (
  `id` int(11) NOT NULL,
  `tema` varchar(100) NOT NULL,
  `enunciado` text NOT NULL,
  `asignatura` int(11) NOT NULL,
  `activo` tinyint(1) NOT NULL DEFAULT 1,
  `creador` int(11) NOT NULL,
  `fecha_creacion` date NOT NULL
) ENGINE=InnoDB DEFAULT CHARSET=utf8mb4 COLLATE=utf8mb4_unicode_ci;

--
-- Volcado de datos para la tabla `exercicios`
--

INSERT INTO `exercicios` (`id`, `tema`, `enunciado`, `asignatura`, `activo`, `creador`, `fecha_creacion`) VALUES
(1, 'Matrices', '<p><strong>Ejercicio 1</strong>. Escribir matrices de los siguientes tipos:</p>\n<p style=\\\"padding-left: 40px;\\\">a) De dimensión 3x2<br>b) Cuadrada de dimensión 4<br>c) Triangular inferior de dimensión 3<br>d) Diagonal de dimensión 4<br>e) ¿Qué tipo de matriz es de dimensión 1x1? Pon un ejemplo. ¿Cuál será la matriz<br>identidad de orden 1?</p>\n<p><strong>Ejercicio 2</strong>. Decir que tipo y de que dimensión son las siguientes matrices:</p>\n<p style=\\\"padding-left: 40px;\\\"><img title=\\\"A=\\\\begin{pmatrix}3&amp;2&amp;1\\\\\\\\0&amp;4&amp;9\\\\\\\\0&amp;0&amp;2\\\\\\\\\\\\end{pmatrix}\\\" src=\\\"https://latex.codecogs.com/svg.image?A=\\\\begin{pmatrix}3&amp;2&amp;1\\\\\\\\0&amp;4&amp;9\\\\\\\\0&amp;0&amp;2\\\\\\\\\\\\end{pmatrix}\\\">             <img title=\\\"B=\\\\begin{pmatrix}7\\\\\\\\-1\\\\\\\\1\\\\\\\\0\\\\end{pmatrix}\\\" src=\\\"https://latex.codecogs.com/svg.image?B=\\\\begin{pmatrix}7\\\\\\\\-1\\\\\\\\1\\\\\\\\0\\\\end{pmatrix}\\\">          <img title=\\\"C=\\\\begin{pmatrix}1&amp;1&amp;1\\\\\\\\1&amp;1&amp;1\\\\\\\\1&amp;1&amp;1\\\\\\\\\\\\end{pmatrix}\\\" src=\\\"https://latex.codecogs.com/svg.image?C=\\\\begin{pmatrix}1&amp;1&amp;1\\\\\\\\1&amp;1&amp;1\\\\\\\\1&amp;1&amp;1\\\\\\\\\\\\end{pmatrix}\\\">          <img title=\\\"D=\\\\begin{pmatrix}7&amp;0&amp;0\\\\\\\\0&amp;7&amp;0\\\\\\\\0&amp;0&amp;7\\\\\\\\\\\\end{pmatrix}\\\" src=\\\"https://latex.codecogs.com/svg.image?D=\\\\begin{pmatrix}7&amp;0&amp;0\\\\\\\\0&amp;7&amp;0\\\\\\\\0&amp;0&amp;7\\\\\\\\\\\\end{pmatrix}\\\"></p>\n<p style=\\\"padding-left: 40px;\\\"> </p>\n<p><strong>Ejercicio 3</strong>. Calcule el valor de a, b, c y d para que se cumpla la igualdad:</p>\n<p style=\\\"padding-left: 40px;\\\"><img title=\\\"\\\\begin{pmatrix}2a&amp;2b\\\\\\\\2c&amp;2d\\\\\\\\\\\\end{pmatrix}=\\\\begin{pmatrix}a+5&amp;7+a+ab\\\\\\\\-2+c+d&amp;3d+4\\\\\\\\\\\\end{pmatrix}\\\" src=\\\"https://latex.codecogs.com/svg.image?\\\\begin{pmatrix}2a&amp;2b\\\\\\\\2c&amp;2d\\\\\\\\\\\\end{pmatrix}=\\\\begin{pmatrix}a+5&amp;7+a+ab\\\\\\\\-2+c+d&amp;3d+4\\\\\\\\\\\\end{pmatrix}\\\"></p>\n<p style=\\\"padding-left: 40px;\\\"> </p>\n<p><strong>Ejercicio 4</strong>. Dadas las matrices</p>\n<p>       <img title=\\\"A=\\\\begin{pmatrix}1&amp;-1\\\\\\\\0&amp;1\\\\\\\\\\\\end{pmatrix}\\\" src=\\\"https://latex.codecogs.com/svg.image?A=\\\\begin{pmatrix}1&amp;-1\\\\\\\\0&amp;1\\\\\\\\\\\\end{pmatrix}\\\">   <img title=\\\"B=\\\\begin{pmatrix}4&amp;0\\\\\\\\-1&amp;-2\\\\\\\\\\\\end{pmatrix}\\\" src=\\\"https://latex.codecogs.com/svg.image?B=\\\\begin{pmatrix}4&amp;0\\\\\\\\-1&amp;-2\\\\\\\\\\\\end{pmatrix}\\\">   <img title=\\\"C=\\\\begin{pmatrix}-1&amp;2\\\\\\\\-2&amp;3\\\\\\\\\\\\end{pmatrix}\\\" src=\\\"https://latex.codecogs.com/svg.image?C=\\\\begin{pmatrix}-1&amp;2\\\\\\\\-2&amp;3\\\\\\\\\\\\end{pmatrix}\\\"></p>\n<p>realice las siguientes operaciones:</p>\n<p style=\\\"padding-left: 40px;\\\">a) <img title=\\\"A+B\\\" src=\\\"https://latex.codecogs.com/svg.image?A+B\\\"><br>b) <img title=\\\"A-B-C\\\" src=\\\"https://latex.codecogs.com/svg.image?A-B-C\\\"><br>c) <img title=\\\"3A-5B+6B\\\" src=\\\"https://latex.codecogs.com/svg.image?3A-5B+6B\\\"></p>\n<p> </p>', 21, 1, 2, '2024-02-29'),
(2, 'Sistemas de ecuaciones lineales', '<ol>\n<li>Discute y resuelve en función del parámetro a y resuelve cuando sea posible:</li>\n</ol>\n<p style=\\\"padding-left: 80px;\\\"><img title=\\\"\\\\left\\\\{\\\\begin{matrix}2x+3y-4z=1\\\\\\\\4x+6y-az=2\\\\\\\\x+y+az=10\\\\\\\\\\\\end{matrix}\\\\right.\\\" src=\\\"https://latex.codecogs.com/svg.image?\\\\left\\\\{\\\\begin{matrix}2x+3y-4z=1\\\\\\\\4x+6y-az=2\\\\\\\\x+y+az=10\\\\\\\\\\\\end{matrix}\\\\right.\\\"></p>\n<p>   </p>\n<p>     2. Dado el sistema:</p>\n<p>         <img title=\\\"\\\\left\\\\{\\\\begin{matrix}ax-ay+z=2\\\\\\\\3x+2y-2z=a\\\\\\\\-ax+3y-z=2\\\\\\\\\\\\end{matrix}\\\\right.\\\" src=\\\"https://latex.codecogs.com/svg.image?\\\\left\\\\{\\\\begin{matrix}ax-ay+z=2\\\\\\\\3x+2y-2z=a\\\\\\\\-ax+3y-z=2\\\\\\\\\\\\end{matrix}\\\\right.\\\"></p>\n<p style=\\\"padding-left: 40px;\\\">a. Estudia sus soluciones en función de a.<br>b. Resuelve para a = 1</p>\n<p> </p>\n<p>    3. Se considera el sistema de ecuaciones lineales</p>\n<p> </p>\n<p style=\\\"padding-left: 40px;\\\"> <img title=\\\"\\\\left\\\\{\\\\begin{matrix}kx+y+z=1\\\\\\\\x+ky+z=4\\\\\\\\x+y+kz=k^{2}\\\\\\\\\\\\end{matrix}\\\\right.\\\" src=\\\"https://latex.codecogs.com/svg.image?\\\\left\\\\{\\\\begin{matrix}kx+y+z=1\\\\\\\\x+ky+z=4\\\\\\\\x+y+kz=k^{2}\\\\\\\\\\\\end{matrix}\\\\right.\\\"></p>\n<p style=\\\"padding-left: 40px;\\\">a) Discútase según los valores de k e interprétese geométricamente el resultado.<br>b) Resuélvase el sistema para k = 2.</p>\n<p> </p>\n<p>    4. Se considera el sistema de ecuaciones lineales</p>\n<p> </p>\n<p style=\\\"padding-left: 40px;\\\"><img title=\\\"\\\\left\\\\{\\\\begin{matrix}x+2y+3z=1\\\\\\\\x+ay+3z=2\\\\\\\\2x+(2+a)y+6z=3\\\\\\\\\\\\end{matrix}\\\\right.\\\" src=\\\"https://latex.codecogs.com/svg.image?\\\\left\\\\{\\\\begin{matrix}x+2y+3z=1\\\\\\\\x+ay+3z=2\\\\\\\\2x+(2+a)y+6z=3\\\\\\\\\\\\end{matrix}\\\\right.\\\"></p>\n<p style=\\\"padding-left: 40px;\\\">a) ¿Existe algún valor del parámetro a para el cual el sistema sea incompatible?<br>b) ¿Existe algún valor del parámetro a para el cual el sistema sea compatible<br>determinado?<br>c) Resuélvase el sistema para a = 0.</p>\n<p style=\\\"padding-left: 40px;\\\"> </p>\n<p style=\\\"padding-left: 40px;\\\"> </p>\n<p>            </p>', 21, 1, 2, '2024-02-29'),
(3, 'Cinemática, movimiento circular uniforme', '<div class=\\\"MsoNormal\\\">\n<h4 class=\\\"MsoNormal\\\"><strong>Pasar de revoluciones por minuto a radianes/s</strong></h4>\n<div class=\\\"MsoNormal\\\">a) 20 r.p.m</div>\n<div class=\\\"MsoNormal\\\">b) 50 r.p.m</div>\n<div class=\\\"MsoNormal\\\">c)120 r.p.m</div>\n<h4><strong>Ejercicio 01 MCU  problema resuelto</strong></h4>\n</div>\n<div class=\\\"MsoNormal\\\"> </div>\n<div class=\\\"MsoNormal\\\">Cual es la velocidad, en rad/s, de una rueda que gira a 300 r.p.m.? Si el diámetro de la rueda es de 90 cm calcular la velocidad lineal en un punto de su periferi.</div>\n<div class=\\\"MsoNormal\\\"> </div>\n<h4 class=\\\"MsoNormal\\\"><strong>Ejercicio 02  MCU  problema resuelto</strong></h4>\n<div class=\\\"MsoNormal\\\"> </div>\n<div class=\\\"MsoNormal\\\">Siendo 30 cm el radio de las ruedas de un coche y 900 las revoluciones que dan por minuto, calculese:</div>\n<div class=\\\"MsoNormal\\\">a) la velocidad angular de las mismas;</div>\n<div class=\\\"MsoNormal\\\">b) la velocidad del coche en m/s y en km/h</div>\n<div class=\\\"MsoNormal\\\"> </div>\n<h4 class=\\\"MsoNormal\\\"><strong>Ejercicio 03  MCU  problema resuelto</strong></h4>\n<div class=\\\"MsoNormal\\\">Un coche circula a unavelocidad de 90 Km/h , si el radio de las ruedas del coche es de 30 cm calcular<br>a)su velocidad lineal en m/s .</div>\n<div class=\\\"MsoNormal\\\">b)la velocidad angular de las ruedas en rad /s y r.p.m</div>\n<div class=\\\"MsoNormal\\\"> </div>\n<h4 class=\\\"MsoNormal\\\"><strong>Ejercicio 04  MCU  problema resuelto</strong></h4>\n<div class=\\\"MsoNormal\\\">La rueda de una bicicleta tiene 30 cm de radio y gira uniformemente a razón de 25 vueltas por minuto. Calcula:</div>\n<div class=\\\"MsoNormal\\\">a) La velocidad angular, en rad/s.</div>\n<div class=\\\"MsoNormal\\\">b) La velocidad lineal de un punto de la periferia de la rueda.</div>\n<div class=\\\"MsoNormal\\\">c) Angulo girado por la rueda en 30 segundos</div>\n<div class=\\\"MsoNormal\\\">d) número de vueltas en ese tiempo</div>\n<div class=\\\"MsoNormal\\\"> </div>\n<h4 class=\\\"MsoNormal\\\"><strong>Ejercicio 05  MCU  problema resuelto</strong></h4>\n<div class=\\\"MsoNormal\\\">Un satélite describe un movimiento circular uniforme alrededor de la Tierra. Si su velocidad angular es de 0,5 vueltas por hora, calcula el número de vueltas que da en un día.</div>', 16, 1, 2, '2024-02-29'),
(5, 'Equilibrio químico', '<p><strong>1.- </strong></p>\n<p>Para el equilibrio: H<sub>2</sub> (g) + CO<sub>2</sub> (g) ⇌ H<sub>2</sub>O (g) + CO (g), la constante K<sub>C</sub> = 4,40 a 200 K. Calcule:</p>\n<ol>\n<li>a) Las concentraciones en el equilibrio cuando se introducen simultáneamente 1 mol de H<sub>2</sub> y 1 mol de CO<sub>2</sub> en un reactor de 4,68 L a dicha temperatura.</li>\n<li>b) La presión parcial de cada especie en equilibrio y el valor de KP</li>\n</ol>\n<p><strong>2.- </strong></p>\n<p class=\\\"MsoNormal\\\">En una vasija de 10 L mantenida a 270 ºC y previamente evacuada se introducen<br>2,5 moles de pentacloruro de fósforo, PCl5, y se cierra herméticamente. La presión en el interior comienza entonces a elevarse debido a la disociación térmica según el equilibrio siguiente:</p>\n<div class=\\\"MsoNormal\\\">PCl5 (g) ⇆PCl3(g) + Cl2 (g). Cuando se alcanza el equilibrio la presión es de 15,6 atm.</div>\n<div class=\\\"MsoNormal\\\">a) Calcula el número de moles de cada especie en el equilibrio.</div>\n<div class=\\\"MsoNormal\\\">b) Obtén los valores de Kc y Kp.</div>\n<div class=\\\"MsoNormal\\\">DATO: R = 0,082 atm · L · mol<sup>–1</sup> · K<sup>–1</sup></div>\n<div class=\\\"MsoNormal\\\"> </div>\n<p><span style=\\\"font-size: 12pt;\\\"><strong><sup>3.- </sup></strong></span></p>\n<div class=\\\"MsoNormal\\\">Se introducen 0,5 moles de pentacloruro de antimonio en un recipiente de 2 L. Se</div>\n<div class=\\\"MsoNormal\\\">calienta a 200 ºC y una vez alcanzado el equilibrio, hay presentes 0,436 moles del compuesto. Todas lassustancias son gaseosas a esa temperatura.</div>\n<div class=\\\"MsoNormal\\\">a) Escribe la reacción de descomposición del pentacloruro de antimonio en cloro molecular y tricloruro de antimonio.</div>\n<div class=\\\"MsoNormal\\\">b) Calcula Kc para la reacción anterior.</div>\n<div class=\\\"MsoNormal\\\">c) Calcula la presión total de la mezcla en el equilibrio.</div>\n<div class=\\\"MsoNormal\\\">DATOS:R = 0,082 atm · L · mol<sup>–1</sup> · K<sup>–1  </sup></div>\n<div class=\\\"MsoNormal\\\"> </div>\n<p><strong><sup>4.-</sup></strong></p>\n<div class=\\\"MsoNormal\\\">\n<div class=\\\"MsoNormal\\\">A 130 ºC el hidrogenocarbonato de sodio, NaHCO3, se descompone parcialmente</div>\n<div class=\\\"MsoNormal\\\">según el siguiente equilibrio:</div>\n<div class=\\\"MsoNormal\\\">2 NaHCO3 (s) ⇆Na2CO3(s) + CO2 (g) + H2O (g) y su Kp = 6,25.</div>\n<div class=\\\"MsoNormal\\\">Se introducen 100g de NaHCO3 (s) en un recipiente cerrado de 2 L de capacidad, en el que previamente seha hecho el vacío, y se calienta a 130 ºC. Calcula:</div>\n<div class=\\\"MsoNormal\\\">a) El valor de Kc y la presión total en el interior del recipiente cuando se alcance el equilibrio a 130 ºC.</div>\n<div class=\\\"MsoNormal\\\">b) La cantidad, en gramos, de NaHCO3 que quedará sin descomponer.</div>\n<div class=\\\"MsoNormal\\\">DATOS: Ar (C) = 12 u; Ar (H) = 1 u; Ar<br>(O) = 16 u; Ar (Na) = 23 u; R = 0,082 atm · L · mol<sup>–1</sup> · K<sup>–1</sup></div>\n<div class=\\\"MsoNormal\\\"><strong> </strong></div>\n<div class=\\\"MsoNormal\\\"><strong><sup>5.-</sup></strong></div>\n<div class=\\\"MsoNormal\\\">\n<div class=\\\"MsoNormal\\\"> En un recipiente de 3 L se introducen 8,4 g de monóxido de carbono y 5,4 g de agua.</div>\n<div class=\\\"MsoNormal\\\">La mezcla se calienta a 600 K, estableciéndose el equilibrio</div>\n<div class=\\\"MsoNormal\\\">CO (g) + H2O(g) ⇆CO2 (g) + H2 (g), cuya Kc vale 23,2.</div>\n<div class=\\\"MsoNormal\\\">Calcula para el equilibrio a 600 K:</div>\n<div class=\\\"MsoNormal\\\">a) La concentración de todas las especies en el equilibrio.</div>\n<div class=\\\"MsoNormal\\\">b) El grado de disociación del monóxido de carbono.</div>\n<div class=\\\"MsoNormal\\\">c) La presión total de la mezcla.</div>\n<div class=\\\"MsoNormal\\\">DATOS:R = 0,082 atm · L · mol<sup>–1</sup> · K<sup>–1</sup>; Ar (C) = 12 u; Ar (H) = 1 u; Ar (O) = 16 u.</div>\n</div>\n</div>', 17, 1, 2, '2024-02-29'),
(6, 'Energía cinética', '<p>1 Calcular la energía cinética de un coche de masa 1500 Kg que circula con una velocidad de 90 km/h  </p>\n<p>2 Un coche de masa 1500 Kg tiene una energía cinética de 675000 J calcular la velocidad del coche en Km/h   </p>\n<p>3 Un coche de masa 1200 Kg  partiendo del reposo alcanza una velocidad de 25 m/s ¿ cual sería su energía cinética ? Calcular el trabajo realizado por el motor del coche   </p>\n<p>4 Un coche de masa 1000 Kg tiene una velocidad de 30 m/s . ¿ cual sería su energía cinética ? frena y su velocidad se reduce a la mitad , ¿ cual es ahora su energía cinética? Calcular el trabajo realizado por los frenos</p>', 16, 1, 2, '2024-02-29'),
(7, 'Energía mecánica', '<p><strong>1</strong>  Un pájaro de masa 500 g vuela a una altura de 150 metros a una velocidad de 20 m/s , el pájaro desciende 50 metros y aumenta su velocidad a 25 m/s . Calcular la energía mecánica inicial y final del pájaro  y su variación de energía mecánica </p>\n<p><strong>2</strong> La cabina de una atracción de feria, cuya masa es 290 kg, se encuentra a una altura de 12 m sobre el suelo y su energía mecánica en ese momento es igual a 45000. Justifica si se encuentra en reposo o en movimiento, y, en este último caso, calcula la velocidad a la que se mueve. </p>', 16, 1, 2, '2024-02-29'),
(8, 'Potencia y trabajo', '<p><strong>Potencia=W/t</strong></p>\n<p>P potencia en vatios (W)</p>\n<p>1 CV = 735 W</p>\n<h4><strong>Ejercicios</strong></h4>\n<h4><strong>1</strong></h4>\n<p>Calcula el trabajo que puede realizar cada hora un motor de 10 CV</p>\n<p>Y un motor de 3 C V   </p>\n<h4><strong>Lidia Valentín  Río 2016 Halterofilia .</strong></h4>\n<p>Lidia Valentín consiguió el Bronce en los juegos olímpicos de Río 2016 , levantando en arrancada 116 Kg y en dos tiempos 141 Kg . Si en arrancada el tiempo del levantamiento fue de 2 segundos a una altura de 1,85 metros . Calcular la potencia desarrollada en vatios y en caballos Datos :1CV=735W</p>\n<p><br><strong><br></strong><strong><br></strong><strong>2</strong></p>\n<p>Una grúa eleva un bloque de 50 Kg a una altura de 8 metros en 4 segundos</p>\n<p>a)Qué trabajo a realizado la grúa?</p>\n<p>b)¿ Cuál es su potencia en Kw ?</p>\n<p> </p>\n<h4><strong>3</strong></h4>\n<p>Un motor lleva una indicación de 15 CV</p>\n<ol>\n<li>a) calcula su potencia en vatios y kilovatios</li>\n<li>b) el trabajo realizado por el motor en 10 minutos</li>\n</ol>\n<p> </p>\n<h4><strong>4</strong></h4>\n<p>Se quiere instalar una bomba para elevar agua una altura de 40 m con un caudal de 400 litros/min Calcula la potencia del motor en CV</p>', 16, 1, 2, '2024-02-29'),
(9, 'Enlace químico', '<p>1. Considera los elementos A, B y C con números atómicos 9, 11 y 55 respectivamente. Responde de<br>manera razonada a las siguientes preguntas:</p>\n<p style=\\\"padding-left: 40px;\\\"><br>a. ¿Cuál de los 3 elementos presenta un mayor radio atómico?<br>b. ¿Es cierto que el 2º potencial de ionización del elemento A es mayor que el 2º potencial de<br>ionización del elemento B?<br>c. ¿Se puede afirmar que el anión A–<br>es isoelectrónico con elemento B?<br>d. Indica el tipo de enlace químico en la molécula AB.</p>\n<p>2. Dadas las siguientes sustancias: Co, NaF, CH4 i NH3</p>\n<p style=\\\"padding-left: 40px;\\\"><br>a. ¿Cuál o cuáles de las sustancias anteriores forman enlaces de hidrógeno con el agua, razona<br>la respuesta?<br>b. ¿Cuál o cuáles de las sustancias anteriores conducen la corriente eléctrica en estado sólido,<br>razona la respuesta?<br>c. Explica la geometría y polaridad de la molécula de amoníaco </p>\n<p>3. Las configuraciones electrónicas de dos elementos A y B son respectivamente, <img title=\\\"1s^{2}2s^{2}2p^{3}\\\" src=\\\"https://latex.codecogs.com/svg.image?1s^{2}2s^{2}2p^{3}\\\"> y  <img title=\\\"1s^{2}2s^{2}2p^{6}3s^{2}\\\" src=\\\"https://latex.codecogs.com/svg.image?1s^{2}2s^{2}2p^{6}3s^{2}\\\"><br>. Justifica razonadamente la veracidad de las afirmaciones siguientes :</p>\n<p style=\\\"padding-left: 40px;\\\"><br>a. La electronegatividad de A es mayor que la de B<br>b. El elemento B se trata de un metal del 2º periodo.<br>c. En la molécula de A2 se forma un enlace iónico.<br>d. Los iones <img title=\\\"A^{2-}\\\" src=\\\"https://latex.codecogs.com/svg.image?A^{2-}\\\"> y <img title=\\\"B^{2+}\\\" src=\\\"https://latex.codecogs.com/svg.image?B^{2+}\\\"> son isoelectrónicos.</p>\n<p>4.</p>\n<p style=\\\"padding-left: 40px;\\\">a. Justifica la geometría de la molécula de <img title=\\\"NCI_{3}\\\" src=\\\"https://latex.codecogs.com/svg.image?NCI_{3}\\\"> mediante el modelo de la repulsión<br>de pares de electrones de la capa de valencia.</p>\n<p style=\\\"padding-left: 40px;\\\">b. Se puede afirmar que la molécula de <img title=\\\"NCI_{3}\\\" src=\\\"https://latex.codecogs.com/svg.image?NCI_{3}\\\"> es soluble en agua? Razona la<br>respuesta.</p>\n<p style=\\\"padding-left: 40px;\\\"><br>c. ¿Que fuerzas de interacción se han de superar para evaporar <img title=\\\"N_{2}(I)\\\" src=\\\"https://latex.codecogs.com/svg.image?N_{2}(I)\\\"> ? Razona la<br>respuesta.</p>\n<p style=\\\"padding-left: 40px;\\\"><br>d. ¿Por que motivo el KCl(s) no conduce la corriente eléctrica en estado sólido? Razona la<br>respuesta</p>\n<p> </p>', 17, 1, 2, '2024-02-29'),
(10, 'Solubilidad', '<p>1. El producto de solubilidad del sulfato de bario es  <img title=\\\"8,7.10^{-11}\\\" src=\\\"https://latex.codecogs.com/svg.image?8,7.10^{-11}\\\"> (en concentraciones molares). Calcula la<br>concentración de iones bario cuando se satura con aquella sal:</p>\n<p style=\\\"padding-left: 40px;\\\">a) agua pura,<br>b) una disolución 1 M de sulfato de sodio.</p>\n<p>2. Se tiene una disolución saturada de sulfato de plomo (II) en equilibrio con su sólido. ¿Cómo se verá<br>afectada la solubilidad del precipitado si sobre dicha disolución se adiciona otra de sulfato sódico?<br>Razona la respuesta.</p>\n<p>3. Discute el efecto que puede causar en la solubilidad del cloruro de plomo (II) (entalpía +26 kJ) el<br>hecho de añadirle una disolución de nitrato de plomo, o incrementar la temperatura, o añadirle ácido<br>clorhídrico.</p>\n<p>4. El Kps del carbonato de bario es <img title=\\\"8.10^{-9}\\\" src=\\\"https://latex.codecogs.com/svg.image?8.10^{-9}\\\"> , calcula:</p>\n<p style=\\\"padding-left: 40px;\\\"><br>a. Su solubilidad en agua pura expresada en g/L.<br>b. Su solubilidad en una disolución de cloruro de bario 0,1 molar.</p>\n<p style=\\\"padding-left: 40px;\\\">c. Si se mezclan volúmenes iguales de disoluciones <img title=\\\"10^{-3}\\\" src=\\\"https://latex.codecogs.com/svg.image?10^{-3}\\\"> de carbonato de sodio y <img title=\\\"10^{-4}\\\" src=\\\"https://latex.codecogs.com/svg.image?10^{-4}\\\"> de cloruro<br>de bario, ¿precipitará carbonato de bario? En caso afirmativo, calcula las concentraciones de los iones<br>en el equilibrio.</p>', 17, 1, 2, '2024-02-29'),
(11, 'Integrales', '<p>1. Resuelve las siguientes integrales aplicando la f&oacute;rmula.</p>\n<p style=\\\"padding-left: 40px;\\\"><img title=\\\"\\\\int x^{n}dx=\\\\frac{x^{n+1}}{n+1}+c\\\" src=\\\"https://latex.codecogs.com/svg.image?\\\\int&amp;space;x^{n}dx=\\\\frac{x^{n+1}}{n+1}+c\\\" width=\\\"229\\\" height=\\\"63\\\"></p>\n<p style=\\\"padding-left: 40px;\\\">&nbsp;</p>\n<p style=\\\"padding-left: 40px;\\\">a)</p>\n<p style=\\\"padding-left: 40px;\\\"><img title=\\\"\\\\int(x^{3}+x^{2}-3x+1)dx\\\" src=\\\"https://latex.codecogs.com/svg.image?\\\\int(x^{3}+x^{2}-3x+1)dx\\\"></p>\n<p style=\\\"padding-left: 40px;\\\">b)</p>\n<p style=\\\"padding-left: 40px;\\\"><img title=\\\"\\\\int(3x^{4}+5x^{3}-3x^{2}+1)dx\\\" src=\\\"https://latex.codecogs.com/svg.image?\\\\int(3x^{4}+5x^{3}-3x^{2}+1)dx\\\"></p>\n<p style=\\\"padding-left: 40px;\\\">c)</p>\n<p style=\\\"padding-left: 40px;\\\"><img title=\\\"\\\\int\\\\frac{\\\\sqrt[]{2x}}{5}dx=\\\\frac{2x\\\\sqrt{2x}}{15}+c\\\" src=\\\"https://latex.codecogs.com/svg.image?\\\\int\\\\frac{\\\\sqrt[]{2x}}{5}dx=\\\\frac{2x\\\\sqrt{2x}}{15}+c\\\"></p>\n<p style=\\\"padding-left: 40px;\\\">d)</p>\n<p style=\\\"padding-left: 40px;\\\"><img title=\\\"\\\\int\\\\frac{3}{2\\\\sqrt{x}}dx=3\\\\sqrt{x}+c\\\" src=\\\"https://latex.codecogs.com/svg.image?\\\\int\\\\frac{3}{2\\\\sqrt{x}}dx=3\\\\sqrt{x}+c\\\"></p>\n<p style=\\\"padding-left: 40px;\\\">&nbsp;</p>\n<p>2. Resuelve las siguientes integrales aplicando la f&oacute;rmula.</p>\n<p>&nbsp;</p>\n<p style=\\\"padding-left: 40px;\\\"><strong><img title=\\\"\\\\int x^{n}dx=\\\\frac{x^{n+1}}{n+1}+c\\\" src=\\\"https://latex.codecogs.com/svg.image?\\\\int&amp;space;x^{n}dx=\\\\frac{x^{n+1}}{n+1}+c\\\" width=\\\"221\\\" height=\\\"61\\\"></strong></p>\n<p style=\\\"padding-left: 40px;\\\">&nbsp;</p>\n<p style=\\\"padding-left: 40px;\\\">a)</p>\n<p style=\\\"padding-left: 40px;\\\"><img title=\\\"\\\\int(x^{3}+x^{2}-3x+1)dx\\\" src=\\\"https://latex.codecogs.com/svg.image?\\\\int(x^{3}+x^{2}-3x+1)dx\\\"></p>\n<p style=\\\"padding-left: 40px;\\\">&nbsp;</p>\n<p style=\\\"padding-left: 40px;\\\">b)</p>\n<p style=\\\"padding-left: 40px;\\\"><img title=\\\"\\\\int\\\\sqrt{x}dx\\\" src=\\\"https://latex.codecogs.com/svg.image?\\\\int\\\\sqrt{x}dx\\\"></p>\n<p style=\\\"padding-left: 40px;\\\">&nbsp;</p>\n<p style=\\\"padding-left: 40px;\\\">c)</p>\n<p style=\\\"padding-left: 40px;\\\"><img title=\\\"\\\\int\\\\sqrt[]{3x}dx\\\" src=\\\"https://latex.codecogs.com/svg.image?\\\\int\\\\sqrt[]{3x}dx\\\"></p>\n<p style=\\\"padding-left: 40px;\\\">&nbsp;</p>\n<p style=\\\"padding-left: 40px;\\\">d)</p>\n<p style=\\\"padding-left: 40px;\\\"><img title=\\\"\\\\int\\\\sqrt{x\\\\sqrt{x}}dx\\\" src=\\\"https://latex.codecogs.com/svg.image?\\\\int\\\\sqrt{x\\\\sqrt{x}}dx\\\"></p>\n<p style=\\\"padding-left: 40px;\\\">&nbsp;</p>\n<p style=\\\"padding-left: 40px;\\\">&nbsp;</p>\n<p style=\\\"padding-left: 40px;\\\">&nbsp;</p>', 21, 1, 3, '2024-02-29'),
(12, 'Límite de funciones y continuidad', '<p>1. Estudiar el dominio de las siguientes funciones.</p>\n<p> </p>\n<p style=\\\"padding-left: 40px;\\\">a)   <img title=\\\"f(x)=x^{3}-3x^{2}+2x-1\\\" src=\\\"https://latex.codecogs.com/svg.image?f(x)=x^{3}-3x^{2}+2x-1\\\" width=\\\"241\\\" height=\\\"25\\\"></p>\n<p style=\\\"padding-left: 40px;\\\">b)   <img title=\\\"f(x)=\\\\frac{x-1}{x+3}\\\" src=\\\"https://latex.codecogs.com/svg.image?f(x)=\\\\frac{x-1}{x+3}\\\" width=\\\"144\\\" height=\\\"54\\\"></p>\n<p style=\\\"padding-left: 40px;\\\">c)  <img title=\\\"f(x)=\\\\frac{x-2}{x^{2}-9}\\\" src=\\\"https://latex.codecogs.com/svg.image?f(x)=\\\\frac{x-2}{x^{2}-9}\\\" width=\\\"155\\\" height=\\\"53\\\"></p>\n<p style=\\\"padding-left: 40px;\\\">d)   <img title=\\\"f(x)=\\\\sqrt[3]{x^{2}+x+2}\\\" src=\\\"https://latex.codecogs.com/svg.image?f(x)=\\\\sqrt[3]{x^{2}+x+2}\\\" width=\\\"240\\\" height=\\\"33\\\"></p>\n<p style=\\\"padding-left: 40px;\\\"> </p>\n<p>2. Dada la siguiente función calcula a y b para que sea continua y represéntala para esos valores de a y b.</p>\n<p style=\\\"padding-left: 40px;\\\"> </p>\n<p style=\\\"padding-left: 40px;\\\"><img title=\\\"f(x)=\\\\begin{cases}ax^{2}+bx+1&amp;\\\\text{si}x&lt;-1\\\\\\\\x+2&amp;\\\\text{si}-1\\\\leq x\\\\leq 2\\\\\\\\\\\\frac{ax+2b}{x-1}&amp;\\\\text{si}x&gt;2\\\\end{cases}\\\" src=\\\"https://latex.codecogs.com/svg.image?f(x)=\\\\begin{cases}ax^{2}+bx+1&amp;\\\\text{si}x&lt;-1\\\\\\\\x+2&amp;\\\\text{si}-1\\\\leq&amp;space;x\\\\leq&amp;space;2\\\\\\\\\\\\frac{ax+2b}{x-1}&amp;\\\\text{si}x&gt;2\\\\end{cases}\\\" width=\\\"340\\\" height=\\\"87\\\"></p>\n<p style=\\\"padding-left: 40px;\\\"> </p>\n<p>3. Dada la función, estudia su continuidad y los tipos de discontinuidad que presenta.</p>\n<p style=\\\"padding-left: 40px;\\\"> </p>\n<p style=\\\"padding-left: 40px;\\\"><img title=\\\"y=\\\\frac{x^{2}+x}{x^{4}-4x}\\\" src=\\\"https://latex.codecogs.com/svg.image?y=\\\\frac{x^{2}+x}{x^{4}-4x}\\\" width=\\\"138\\\" height=\\\"58\\\"></p>\n<p> </p>\n<p style=\\\"padding-left: 40px;\\\"> </p>\n<p> </p>', 21, 1, 3, '2024-02-29'),
(13, 'Cinemática', '<p><strong>01</strong> Un objeto describe un MCU de 60cm de radio tardando 3s en dar 5 vueltas. Calcula:</p>\n<ol>\n<li>a) El periodo y la frecuencia del movimiento.</li>\n<li>b) La velocidad angular.</li>\n<li>c) La velocidad y aceleración centrípeta.</li>\n</ol>\n<p><strong> 02</strong> La velocidad angular de un volante disminuye de 900 a 800 vueltas por minuto en 5s. Calcular:</p>\n<ol>\n<li>a) La aceleración angular del movimiento.</li>\n<li>b) El número de vueltas que da en esos 5s.</li>\n<li>c) El tiempo que tarda en detenerse a partir de ese instante</li>\n</ol>\n<p><strong>03 </strong>La velocidad angular de un motor que gira a 900r.p.m desciende uniformemente hasta 300r.p.m efectuando 30 vueltas Calcula :</p>\n<ol>\n<li>a) La aceleración angular</li>\n<li>b) El tiempo</li>\n</ol>\n<p><strong>04</strong> Un coche lleva una velocidad de 20m/s los frenos que posee son capaces de producirle una aceleración de frenado de 6m/s<sup>2</sup> . Si el conductor tarda en reaccionar desde que ve el obstáculo hasta que frena 0,8 segundos ¿ a que distancia deberá esta el obstáculo para que el conductor pueda evitar el choque ?</p>\n<p><strong>05 </strong>Un hombre se encuentra a 40 metros de un taxi , corre con una velocidad constante de 3,5 m/s intentando cogerlo . Cuando pasan 2,5 segundos otro hombre que se encuentra a 25 metros del taxi se pone en marcha con una aceleración de 0,5 m/s<sup>2 </sup>¿ quién llegará primero al taxi ?</p>\n<p><strong> </strong><strong>06</strong> Otro plan del <strong>coyote</strong> para atrapar al correcaminos ha fracasado y una caja fuerte cae desde el reposo desde la parte más alta de un peñasco de 25 m de alto hacia el coyote , que se encuentra en el fondo. El coyote se percata de la caja después que ha caído 15 m. ¿Cuánto tiempo tendrá para apartarse?</p>', 13, 1, 3, '2024-02-29'),
(14, 'Campo electrico', '<p>1.- En el origen de coordenadas hay una carga   eléctrica    q<sub>1</sub> = + 4 nC y en el punto A (6, 0) otra carga eléctrica q<sub>2</sub> = +1 nC. Calcula el punto donde se anula el campo eléctrico</p>\n<p>2.- En el origen de coordenadas hay una carga   eléctrica    q<sub>1</sub> = + 27 nC y en el punto A (4, 0) otra carga eléctrica q<sub>2</sub> = – 3 nC. Calcula el punto donde se anula el campo eléctrico</p>\n<p>3.- En los extremos de dos hilos de masa despreciable y longitud L = 1 m están sujetas dos pequeñas esferas de masa m = 10 g y carga q. Los hilos forman un ángulo de 30º con la vertical. Determine el valor de la carga q</p>\n<p>4.-  En los extremos de dos hilos de masa despreciable y longitud L = 1 m están sujetas dos pequeñas esferas de masa m y carga q= +5·10<sup>-6</sup> . Los hilos forman un ángulo de 30º con la vertical. Determine el valor de la masa m</p>', 13, 1, 3, '2024-02-29'),
(15, 'Disoluciones', '<p>1.-<strong> </strong>Disolvemos 45 gramos de amoniaco NH<sub>3</sub> en 500 gramos de agua . Calcula el porcentaje en masa de la disolución.</p>\n<p>2.- Calcular los gramos de una sustancia que hay que pesar para preparar una disolución de 100 ml y composición 20g/L</p>\n<p>3.- Queremos preparar 250 cm<sup>3</sup> de disolución de sal en agua, con una concentración de 5 g/l. ¿Qué cantidad de sal debemos disolver en agua?</p>\n<p>4.- La leche tiene una densidad de 1,03 g/cm<sup>3</sup> y 2,9 g de proteínas en 100 mL Expresa la concentración de proteínas en g/L y en tanto por ciento en masa.</p>\n<p>5.- Si en 200 mL de cierta disolución acuosa hay 12,0 g de azúcar y la densidad de dicha disolución es de 1,2 g/ml, ¿cuál es la concentración de ésta en g/L y en tanto por ciento en masa ?</p>\n<p>6.- determina cuántos gramos de hidróxido de calcio , Ca(OH)<sub>2</sub>, hay en 500 ml de disolución 0,6 M.  </p>\n<p>Datos : Masas atómicas H=1 ; O=16 ;Ca =40</p>\n<p>7.- Calcula la molaridad de una disolución de cloruro de sodio NaCl , cuya composición es 30 g/L </p>\n<p>Datos : Masas atómicas Cl=35,5 ;Na =23</p>', 13, 1, 3, '2024-02-29'),
(16, 'Reacciones químicas', '<p>1.- El carbonato de calcio, CaCO<sub>3</sub>, reacciona con ácido clorhídrico HCl, produciendo cloruro de calcio, CaCl<sub>2</sub>, dióxido de carbono, CO<sub>2</sub>, y agua. Sabiendo que en la reacción se consumen 180 g. de carbonato de calcio,</p>\n<p>calcula: </p>\n<p style=\\\"padding-left: 40px;\\\"> Masa de cloruro de calcio obtenida en la reacción.</p>\n<p style=\\\"padding-left: 40px;\\\">Volumen de dióxido de carbono, medido a 1,2 atm. y 13ºC, que se obtendrá en la reacción.</p>\n<p> </p>\n<p>2.-  Se hace reaccionar ácido sulfúrico, H<sub>2</sub>SO<sub>4</sub>, con hidróxido de sodio, NaOH, para obtener sulfato de sodio, Na<sub>2</sub>SO<sub>4</sub>, y agua. Calcula la masa de sulfato de sodio que obtendremos a partir de 35 ml de una disolución de NaOH 1,5 M</p>\n<p><em>Datos; Ar(H)=1 u, Ar(S)=32 u, Ar(O)=16 u, Ar(Na)=23 u</em></p>\n<p> </p>\n<p><em>3.-Se hace reaccionar ácido clorhídrico (HCl) con hidróxido de sodio (NaOH) para obtener cloruro de sodio (NaCl). Calcula la masa de cloruro de sodio que obtendremos a partir de 20 ml de una disolución de ácido clorhídrico 1M.</em></p>\n<p><em>Datos Cl= 35,5  Na= 23</em></p>\n<p> </p>\n<p><em>4.- </em>Un globo se llena con el hidrógeno procedente de la reacción siguiente: hidruro de calcio(s) + agua (l) -&gt; hidróxido de calcio (aq) + hidrógeno (g).</p>\n<p>a) ¿Cuántos gramos de hidruro de calcio harían falta para producir 250 ml de hidrógeno, obtenido en C.N., para llenar el globo?</p>\n<p>b) ¿Qué volumen adquirirá el globo si asciende hasta una zona donde la presión es de 0,5 atm y la temperatura 73ºC?</p>\n<p>Datos Ca = 40 ; H=1</p>\n<p> </p>\n<p>5.- 10 g de <strong>mármol,</strong> cuyo componente principal es carbonato cálcico, se hacen reaccionar con acido clorhídrico, obteniéndose, dióxido de carbono agua y cloruro cálcico. Se han obtenido 1,5 litros de dióxido de carbono a 25 °C y 1,2 atm. Escribe y ajusta la reacción. Calcula la riqueza en carbonato de la muestra de mármol. Ca=40 ;C=12;O=16</p>\n<p> </p>\n<p>6.-  El CaCO<sub>3</sub> es el principal ingrediente de ciertas tabletas de antiácidos comerciales, sabiendo esto calcula:</p>\n<ol>\n<li>a) ¿Qué volumen de HCl 0,1 M que se necesitará para que reaccione totalmente una tableta de 0,540 g, suponiendo que esta es de CaCO<sub>3</sub> puro?</li>\n<li>b) Si para disolver la tableta anterior solo se necesitaron 79 ml de HCl 0,1 M, ¿Cuál es el porcentaje de CaCO<sub>3</sub> endicha tableta?</li>\n</ol>\n<p>Datos  Masas atómicas C=12; Ca= 40  ;O=16</p>\n<p> </p>', 13, 1, 3, '2024-02-29'),
(17, 'Multiplicación y división de radicales', '<p>1.- Opera y simplifica</p>\n<p style=\\\"padding-left: 40px;\\\">a)</p>\n<p style=\\\"padding-left: 40px;\\\"><img title=\\\"\\\\sqrt{25^{4}\\\\sqrt{25}\\\\sqrt[3]{25}}\\\" src=\\\"https://latex.codecogs.com/svg.image?\\\\sqrt{25^{4}\\\\sqrt{25}\\\\sqrt[3]{25}}\\\"></p>\n<p style=\\\"padding-left: 40px;\\\">b)</p>\n<p style=\\\"padding-left: 40px;\\\"><img title=\\\"\\\\sqrt[3]{\\\\frac{4}{27}\\\\sqrt{\\\\frac{8}{9}}\\\\sqrt[4]{\\\\frac{4}{81}}}\\\" src=\\\"https://latex.codecogs.com/svg.image?\\\\sqrt[3]{\\\\frac{4}{27}\\\\sqrt{\\\\frac{8}{9}}\\\\sqrt[4]{\\\\frac{4}{81}}}\\\"></p>\n<p>2.-Extrae fuera de la raíz todos los factores posibles</p>\n<p style=\\\"padding-left: 40px;\\\">a)</p>\n<p style=\\\"padding-left: 40px;\\\"><img title=\\\"\\\\sqrt{2^{3}\\\\cdot3^{5}\\\\cdot 5^{7}}\\\" src=\\\"https://latex.codecogs.com/svg.image?\\\\sqrt{2^{3}\\\\cdot3^{5}\\\\cdot&amp;space;5^{7}}\\\"></p>\n<p style=\\\"padding-left: 40px;\\\">b)</p>\n<p style=\\\"padding-left: 40px;\\\"><img title=\\\"\\\\sqrt[3]{a^{5}\\\\cdot b^{12}\\\\cdot c^{7}}\\\" src=\\\"https://latex.codecogs.com/svg.image?\\\\sqrt[3]{a^{5}\\\\cdot&amp;space;b^{12}\\\\cdot&amp;space;c^{7}}\\\"></p>\n<p style=\\\"padding-left: 40px;\\\">d)</p>\n<p style=\\\"padding-left: 40px;\\\"><img title=\\\"\\\\sqrt[5]{\\\\frac{2^{6}\\\\cdot 3^{12}}{5^{20}}}\\\" src=\\\"https://latex.codecogs.com/svg.image?\\\\sqrt[5]{\\\\frac{2^{6}\\\\cdot&amp;space;3^{12}}{5^{20}}}\\\"></p>\n<p style=\\\"padding-left: 40px;\\\"> </p>\n<p>3.- Introduce los factores dentro de la raíz y simplifica.</p>\n<p> </p>\n<p style=\\\"padding-left: 40px;\\\">a)                                                  b)</p>\n<p style=\\\"padding-left: 40px;\\\"><img title=\\\"2^{3}\\\\cdot 3^{5}\\\\cdot\\\\sqrt{2^{7}}\\\" src=\\\"https://latex.codecogs.com/svg.image?2^{3}\\\\cdot&amp;space;3^{5}\\\\cdot\\\\sqrt{2^{7}}\\\">                                  <img title=\\\"3^{5}\\\\cdot 7\\\\cdot\\\\sqrt[4]{3\\\\cdot 7^{2}}\\\" src=\\\"https://latex.codecogs.com/svg.image?3^{5}\\\\cdot&amp;space;7\\\\cdot\\\\sqrt[4]{3\\\\cdot&amp;space;7^{2}}\\\"></p>\n<p style=\\\"padding-left: 40px;\\\"> </p>\n<p style=\\\"padding-left: 40px;\\\"> </p>', 20, 1, 3, '2024-02-29'),
(18, 'Logaritmos', '<p>1.- Expresa estos logaritmos como sumas y diferencias.</p>\n<p style=\\\"padding-left: 80px;\\\">a)   <img title=\\\"log(2^{5}\\\\cdot 3^{7})^{4}\\\" src=\\\"https://latex.codecogs.com/svg.image?log(2^{5}\\\\cdot&amp;space;3^{7})^{4}\\\">              b)     <img title=\\\"log\\\\frac{2^{5}\\\\cdot 3^{4}}{7^{6}}\\\" src=\\\"https://latex.codecogs.com/svg.image?log\\\\frac{2^{5}\\\\cdot&amp;space;3^{4}}{7^{6}}\\\"></p>\n<p style=\\\"padding-left: 80px;\\\"> </p>\n<p style=\\\"padding-left: 80px;\\\">c)  <img title=\\\"log\\\\sqrt{\\\\frac{\\\\sqrt{a}}{b}}\\\" src=\\\"https://latex.codecogs.com/svg.image?log\\\\sqrt{\\\\frac{\\\\sqrt{a}}{b}}\\\"></p>\n<p style=\\\"padding-left: 80px;\\\"> </p>\n<p>2.- Calcula los siguientes logaritmos</p>\n<p> </p>\n<p style=\\\"padding-left: 40px;\\\">a)  <img title=\\\"log_{2}0,125\\\" src=\\\"https://latex.codecogs.com/svg.image?log_{2}0,125\\\">                   b)  <img title=\\\"log_{81}3\\\" src=\\\"https://latex.codecogs.com/svg.image?log_{81}3\\\"></p>\n<p style=\\\"padding-left: 40px;\\\">c) <img title=\\\"log_{4}\\\\frac{3}{48}\\\" src=\\\"https://latex.codecogs.com/svg.image?log_{4}\\\\frac{3}{48}\\\">                        d)  <img title=\\\"log_{25}5\\\" src=\\\"https://latex.codecogs.com/svg.image?log_{25}5\\\"></p>\n<p style=\\\"padding-left: 40px;\\\">e)  <img title=\\\"log_{1000}10\\\" src=\\\"https://latex.codecogs.com/svg.image?log_{1000}10\\\">                    f)  <img title=\\\"log_{1000}100\\\" src=\\\"https://latex.codecogs.com/svg.image?log_{1000}100\\\"></p>\n<p style=\\\"padding-left: 40px;\\\"> </p>\n<p>3.- Utiliza la definición y las propiedades de los logaritmos para:</p>\n<p style=\\\"padding-left: 40px;\\\">a) Reducir a un solo logaritmo y calcular:    <img title=\\\"log 40+log 25\\\" src=\\\"https://latex.codecogs.com/svg.image?log&amp;space;40+log&amp;space;25\\\"></p>\n<p style=\\\"padding-left: 40px;\\\">b) Calcular log 8 sabiendo que  <img title=\\\"log 2\\\\approx 0,301\\\" src=\\\"https://latex.codecogs.com/svg.image?log&amp;space;2\\\\approx&amp;space;0,301\\\"></p>', 20, 1, 3, '2024-02-29'),
(19, 'Trigonometría', '<p>1.- Las diagonales de un rombo miden 10 y 14 cm, respectivamente. Calcula el lado del rombo y sus ángulos.</p>\n<p>2.- De un triángulo isósceles conocemos su lado desigual de 20 cm y su altura de 8 cm ¿ cuánto miden sus ángulos?</p>\n<p>3.- Calcular la apotema y el área de un octógono regular cuyo lado mide 10 cm</p>\n<p>4.- Desde un cierto lugar a nivel del suelo se ve la terraza de un edificio con un ángulo de elevación de 60º .Si nos alejamos 20m del edificio, el ángulo de elevación es de 30º . Hallar la altura del edificio</p>\n<p>5.- Se quiere medir la anchura de un río, para lo cual nos en una de las orillas y dirigimos la visual a un poste que se encuentra en la otra orilla obteniendo un ángulo de 53º. Al alejarnos de la orilla perpendicularmente un total de 20 m y mirar de nuevo el poste el ángulo es ahora de 32º. ¿Cuánto mide el río de ancho?</p>\n<p>6.- <strong> </strong>Una antena de radio esta sujeta al suelo mediante dos cables que forman con la antena ángulos de 36º y 48º. Si los puntos de sujeción de los cables al suelo y el pie de la antena  se encuentran alineados y a una distancia total de 100 m, calcula la altura de la antena.</p>\n<p>7.- Halla la distancia que hay entre dos barcos C y D, sabiendo que hemos medido la distancia que hay entre dos puntos de la costa A y B hemos obtenido 450 m y que con el teodolito hemos obtenido CAD= 48º , BAD= 57º ABC= 42º y CBD=53º</p>\n<p> </p>', 20, 1, 3, '2024-02-29'),
(20, 'Números complejos', '<p>1.- Efectúa las siguientes operaciones</p>\n<p> </p>\n<p style=\\\"padding-left: 40px;\\\">a)  <img title=\\\"5(-2+4i)-3(3+2i)\\\" src=\\\"https://latex.codecogs.com/svg.image?5(-2+4i)-3(3+2i)\\\">                                    b)  <img title=\\\"(2-i)(3+2i)\\\" src=\\\"https://latex.codecogs.com/svg.image?(2-i)(3+2i)\\\"></p>\n<p style=\\\"padding-left: 40px;\\\">c)  <img title=\\\"\\\\frac{3-2i}{-3+i}\\\" src=\\\"https://latex.codecogs.com/svg.image?\\\\frac{3-2i}{-3+i}\\\">                                                                d)  <img title=\\\"\\\\frac{3-2i}{5}\\\" src=\\\"https://latex.codecogs.com/svg.image?\\\\frac{3-2i}{5}\\\"></p>\n<p style=\\\"padding-left: 40px;\\\">e) <img title=\\\"(-2+3i)^{2}\\\" src=\\\"https://latex.codecogs.com/svg.image?(-2+3i)^{2}\\\">                                                          f)  <img title=\\\"\\\\frac{2+4i}{1-i}+2i(3-i)\\\" src=\\\"https://latex.codecogs.com/svg.image?\\\\frac{2+4i}{1-i}+2i(3-i)\\\"></p>\n<p style=\\\"padding-left: 40px;\\\"> </p>\n<p>2.- Sean lo números complejos </p>\n<p style=\\\"padding-left: 40px;\\\"> <img title=\\\"Z_{1}=\\\\frac{x+i}{1-i}\\\" src=\\\"https://latex.codecogs.com/svg.image?Z_{1}=\\\\frac{x+i}{1-i}\\\">                         <img title=\\\"Z_{2}=2+3i\\\" src=\\\"https://latex.codecogs.com/svg.image?Z_{2}=2+3i\\\">                       <img title=\\\"Z_{3}=1-\\\\sqrt{3i}\\\" src=\\\"https://latex.codecogs.com/svg.image?Z_{3}=1-\\\\sqrt{3i}\\\"></p>\n<p>calcula:</p>\n<p style=\\\"padding-left: 40px;\\\">a)  <img title=\\\"(Z_{3})^{3}\\\" src=\\\"https://latex.codecogs.com/svg.image?(Z_{3})^{3}\\\">                           b) x para que <img title=\\\"Z_{1}=Z_{2}\\\" src=\\\"https://latex.codecogs.com/svg.image?Z_{1}=Z_{2}\\\">                             c) x para <img title=\\\"Z_{1}\\\" src=\\\"https://latex.codecogs.com/svg.image?Z_{1}\\\">  sea un número real</p>\n<p style=\\\"padding-left: 40px;\\\"> </p>\n<p style=\\\"padding-left: 40px;\\\">d)  x para que <img title=\\\"\\\\left|Z_{1}\\\\right|=\\\\sqrt{5}\\\" src=\\\"https://latex.codecogs.com/svg.image?\\\\left|Z_{1}\\\\right|=\\\\sqrt{5}\\\">                            e)  para x=-1 calcula <img title=\\\"\\\\sqrt[4]{Z_{1}}\\\" src=\\\"https://latex.codecogs.com/svg.image?\\\\sqrt[4]{Z_{1}}\\\"></p>', 20, 1, 3, '2024-02-29'),
(21, 'Energía hidráulica', '<p>1.- Calcula en KW la potencia útil generada por una central hidroeléctrica con un<br>caudal medio de 10 m³/s y una altuta de salto de 30 m si el rendimiento estimado<br>de la central es del 30%.</p>\n<p><br>2.- Calcula en KW y en C.V. la potencia útil que podía obetnerse en una central<br>hidroeléctrica con un caudal medio de 15 m³/s y una altuta de salto de 25 m si el<br>rendimiento estimado de la central es del 35%.</p>\n<p><br>3.- El agua de una presa fluye por una tubería hasta llegar a una turbina situada<br>200m debajo de ella. Suponiendo que la turbina tenga un rendimiento del 60% y<br>que el caudal que le llega a esta es de 2000 l/min, calcula la potencia de salida de<br>dicha turbina.</p>\n<p><br>4.- Un río con un caudal de 3200 l/s tiene una cascada de 10 m de altura. Si<br>pudiéramos aprovechar íntegramente toda la potencia del salto, ¿cuántas bombillas<br>de 25w podríamos iluminar con ella?</p>', 18, 1, 3, '2024-02-29'),
(22, 'Energía', '<p>1.- Realiza un estudio de los distintos tipos de lámparas (bombillas) desde su inicio<br>hasta nuestros días, indicando los rendimientos de cada una de ellas.</p>\n<p><br>2.- Tenemos un secador de 1200w de potencia conectado a la red eléctrica. Calcula:</p>\n<p style=\\\"padding-left: 40px;\\\"><br>a) La energía que consume al mes, expresada en Kw.h y julios, consumida por dicho<br>secador sabiendo que hago de él un uso diario de media hora.<br>d) El gasto derivado de dicho consumo sabiendo que el precio del Kw.h es de 0,28€<br>c) Si el rendimiento del secador es del 90%, ¿qué potencia he de consumir de la red<br>para que me de como potencia útil los 1200w?</p>\n<p><br>3.- El gasto del mes de febrero en luz ha sido de 180€. Sabiendo que el precio del<br>Kw.h es de 0,3€, calcula:</p>\n<p style=\\\"padding-left: 40px;\\\"><br>a) La energía que he consumido al mes.<br>b) La energía que he consumido al día.<br>c) La potencia al día que he tenido conectada sabiendo que el tiempo de conexión ha<br>sido de 12h diarias.</p>\n<p><br>4.- En el catálogo de un coche aparece una potencia de 82 Cv. Determinar:<br>a) Potencia en Kw.<br>b) Energía en Kw.h consumida en 15 minutos. </p>', 18, 1, 3, '2024-02-29'),
(23, 'Mecanismos', '<p>1. Tenemos una transmisión entre ejes paralelos en la que el eje motor gira a 1500 r.p.m. Si<br>deseamos obtener una velocidad de 3000 r.p.m. con una correa de cuero y tenemos una polea de<br>250 mm, ¿qué diámetro debe tener la polea menor si η=98%? ¿Qué diámetro debería tener si no<br>hubiese deslizamiento (η=100%)?</p>\n<p>2. La relación de transmisión entre una polea de 120 mm de diámetro acoplada al árbol motor y otra<br>acoplada al árbol resistente es i = 0,2. Calcula el diámetro de esta última.</p>\n<p><br>3. Una polea de 60 mm de diámetro, unida al eje de un motor, acciona otra de 240 mm de diámetro,<br>acoplada a una bomba. El motor gira a 1500 r.p.m. Calcula la relación de transmisión del mecanismo y<br>la velocidad de giro de la bomba.</p>\n<p><br>4. Con el mismo sistema motor del ejercicio anterior, deseamos obtener en la bomba una velocidad<br>de giro de 500 r.p.m. Calcula el diámetro de la polea que hemos de usar.</p>\n<p><br>5. Se desea lograr una velocidad de giro de 300 r.p.m. en el eje receptor de un compresor<br>centrífugo desde un motor eléctrico que gira a 1500 r.p.m. mediante un sistema de dos poleas y una<br>correa que posee un coeficiente η=90%. a) ¿Cuál es su relación de transmisión?; b) si se dispone de<br>una polea de 300 mm, ¿de qué diámetro debe fabricarse la otra?; c) ¿dónde pondrías la polea<br>existente, en el eje motriz o en el receptor?</p>\n<p><br>6. Calcula las dimensiones de una rueda dentada de dientes rectos suponiendo que tiene 60<br>dientes y un módulo m=6. Realizar de nuevo el cálculo suponiendo que la rueda es helicoidal con<br>β=15º y ma=6.</p>\n<p><br>7. Suponiendo que la rueda recta del ejercicio anterior engrana con un piñón de z=40 dientes y gira<br>a 1500 r.p.m., calcula el número de revoluciones con que girará la rueda, la distancia entre sus ejes y<br>el diámetro exterior del piñón.</p>\n<p><br>8. Averigua la velocidad de giro de la rueda conducida de 120 mm de diámetro primitivo en un<br>engranaje simple de módulo m = 2,5 mm, sabiendo que la rueda conductora tiene 36 dientes y gira a<br>2000 r.p.m.</p>\n<p><br>9. Calcula el número de dientes de una rueda de módulo 5 mm cuyo diámetro primitivo mide 16<br>mm.</p>', 18, 1, 3, '2024-02-29'),
(24, 'Materiales', '<p>1.</p>\n<p style=\\\"padding-left: 40px;\\\">a. Describa qué es la resiliencia y como se realiza el ensayo para medirla<br>b. Describa qué es la dureza y como se realizan los ensayos Brinell y Vickers<br>para medirla<br>c. Describa en qué consiste el fenómeno de fatiga de un material</p>\n<p><br>2. En relación con el ensayo de tracción, explique:</p>\n<p style=\\\"padding-left: 40px;\\\"><br>a. ¿Qué representan el límite de fluencia y el límite elástico del material<br>ensayado?<br>b. ¿Qué razones hay para que los materiales que se utilizan en los diseños de<br>ingeniería se calculen para que trabajen con valores inferiores a los límites<br>citados?</p>\n<p><br>3. Al someter una probeta de aluminio (tensión de rotura 1000 Kp/cm2<br>) de sección<br>rectangular (2 x 4 cm) y 30 cm de longitud a una fuerza de tracción de 1000 Kp,<br>se mide un alargamiento de 5,3x10-3 cm. Sabiendo que ha tenido comportamiento<br>elástico, se pide:</p>\n<p style=\\\"padding-left: 40px;\\\"><br>a. Tensión y deformación unitaria en el momento de aplicar la fuerza y cuando<br>deje de aplicarse dicha fuerza.<br>b. Módulo de elasticidad del aluminio<br>c. Fuerza que debe aplicarse para que al deformación unitaria sea de <img title=\\\"1x10^{-4}\\\" src=\\\"https://latex.codecogs.com/svg.image?1x10^{-4}\\\"><br>d. Coeficiente de seguridad en el momento de la carga máxima.</p>', 18, 1, 3, '2024-02-29'),
(25, 'Máquinas', '<p>1) En un proceso se ha suministrado a un sistema 15000 cal. Si el sistema realiza un<br>trabajo de 8000 J, calcula la variación de la energía interna del sistema durante el<br>proceso.</p>\n<p><br>2) Halla el trabajo realizado por un gas cuando se expansiona isotérmicamente desde 2<br>litros a 5 atm hasta 30 l. Calcula la presión final.</p>\n<p>3) De acuerdo al segundo principio de la termodinámica:</p>\n<p style=\\\"padding-left: 40px;\\\"><br>a) Explique el fundamento del funcionamiento de los motores térmicos.<br>b) Explique el fundamento del funcionamiento de las máquinas frigoríficas.</p>\n<p><br>4) Un motor de 16 CV eleva un montacargas de 500 Kg. A 50 m de altura en 25 s.<br>Calcula:</p>\n<p style=\\\"padding-left: 40px;\\\"><br>a) Trabajo útil<br>b) Potencia útil<br>c) Rendimiento</p>\n<p>5) Se emplea un elevador para subir una carga de 800 kg al séptimo piso de una vivienda<br>con planta baja. Conociendo que cada piso tiene una altura de 3 m, que el elevador<br>asciende a una velocidad constante de 1,5 m/s y que la potencia consumida por el motor<br>del elevador durante el ascenso de la carga es 15 kW, calcule:</p>\n<p style=\\\"padding-left: 40px;\\\"><br>a) El trabajo realizado por el elevador.<br>b) La potencia útil del motor.<br>c) El rendimiento del motor.</p>\n<p><br>6) El motor de una embarcación desarrolla una potencia de 100 CV cuando consume 20 L/<br>h de combustible. Conociendo que la densidad y el poder calorífico del combustible son 0,83 g/cm3<br> y 42.800 kJ/kg, respectivamente, calcule:</p>\n<p style=\\\"padding-left: 40px;\\\"><br>a) La potencia liberada en la combustión.<br>b) El rendimiento del motor.</p>\n<p><br>7) Una bomba accionada por un motor eléctrico ha elevado 100 m3<br> de agua a una altura de 20 m en 20 min. Si el motor tiene una potencia de 25 CV, calcula:</p>\n<p style=\\\"padding-left: 40px;\\\"><br>a) Trabajo útil<br>b) Rendimiento</p>', 15, 1, 3, '2024-02-29'),
(26, 'Control digital', '<p>1.<br>a) Convierta el número <img title=\\\"(5B3)_{16}\\\" src=\\\"https://latex.codecogs.com/svg.image?(5B3)_{16}\\\"> al sistema decimal<br>b) Convierta el número <img title=\\\"(3EA)_{16}\\\" src=\\\"https://latex.codecogs.com/svg.image?(3EA)_{16}\\\"> al sistema binario<br>c) Convierta el número <img title=\\\"(235_{10})\\\" src=\\\"https://latex.codecogs.com/svg.image?(235_{10})\\\"> al sistema binario<br>d) Convierta el número  <img title=\\\"(101001111110001)_{2}\\\" src=\\\"https://latex.codecogs.com/svg.image?(101001111110001)_{2}\\\"> al sistema hexadecimal</p>\n<p> </p>\n<p>2.<br>a) Represente –6 en complemento a 2. Represente +13 en complemento a 2<br>b) Usando estas representaciones en complemento a 2, calcule –6+13</p>\n<p> </p>\n<p>3.<br>a) Represente en complemento a 2 y usando 8 bits el número –23<br>b) Represente en complemento a 2 y usando 8 bits el número +34<br>c) Obtenga el valor decimal de 11011100 sabiendo que está representado en complemento a 2 usando 8 bits<br>d) Obtenga el valor decimal de 00101110 sabiendo que está representado en complemento a 2 usando 8 bits.</p>\n<p> </p>\n<p>4.</p>\n<p>Halle la expresión en el sistema binario, usando el convenio de complemento a 2, de los números decimales que<br>se indican a continuación. Cada número se representará mediante 8 bits.</p>\n<p style=\\\"padding-left: 40px;\\\"><br>a) -1<br>b) 16<br>c) -18<br>d) -96</p>\n<p style=\\\"padding-left: 40px;\\\"> </p>\n<p>11.<br>a) Exprese en base decimal los siguientes números binarios: 111111,11 y el 100,0111<br>b) Pase de base decimal a binaria el 20,375<br>c) Pase de decimal a hexadecimal el 5468<br>d) Pase de hexadecimal a decimal el 1FA5 </p>', 15, 1, 3, '2024-02-29');
INSERT INTO `exercicios` (`id`, `tema`, `enunciado`, `asignatura`, `activo`, `creador`, `fecha_creacion`) VALUES
(27, 'Electrónica digital', '<p>1.-Se desea diseñar un circuito lógico que detecte los números primos comprendidos<br>entre 0 y 15, representados en binario natural. (No considere el cero y el 1 como<br>primos a efectos de realizar la tabla de verdad). Se pide:</p>\n<p style=\\\"padding-left: 40px;\\\"><br>● a) Obtener la tabla de verdad y su función lógica.<br>● b) Obtener la función lógica simplificada y su circuito con puertas lógicas.</p>\n<p><br>2.- Una máquina selladora por ultrasonidos está gobernada por tres sensores. Sólo podrá<br>ponerse en marcha si el operario pulsa a la vez los dos botones que hay a ambos<br>lados de la máquina (sensores S1 y S2) y un tercer sensor (S3) detecta que hay una<br>pieza en la máquina. Se pide:</p>\n<p style=\\\"padding-left: 40px;\\\"><br>a)  La tabla de verdad.<br>b)  Un esquema del circuito lógico usando puertas NAND de 2 entradas y otro esquema utilizando puertas NOR de dos entradas. </p>\n<p style=\\\"padding-left: 40px;\\\"> </p>\n<p>3.- En un “Fórmula 1” se enciende un led (L) de alarma cuando se da al menos una de las<br>siguientes circunstancias: Poco combustible (C); Alta temperatura en frenos (F);<br>Rotura del alerón (A). Cuando ocurre al menos una de estas circunstancias, el piloto<br>puede activar un pulsador (P) para apagar el led. Éste no se apagará, si el sensor que<br>ha activado la alarma es el de rotura del alerón. Se pide:</p>\n<p style=\\\"padding-left: 40px;\\\"><br>1. La tabla de verdad.<br>2. Simplificar por el método de Karnaugh y obtener el esquema del circuito con<br>puertas lógicas. </p>\n<p style=\\\"padding-left: 40px;\\\"> </p>\n<p>4.- Una puerta de corredera se mueve mediante dos motores: MA para la apertura y MC<br>para el cierre. Se controla mediante un pulsador para abrirla PA y otro para cerrarla<br>PC, un final de carrera de apertura FA y otro para el cierre FC. Si se mantiene pulsado<br>PA o PC, la puerta se abre o se cierra hasta el final, dejando el motor de funcionar<br>cuando se activa el final de carrera correspondiente. Si se pulsan PA y PC<br>simultáneamente, la puerta se detiene. Se pide:</p>\n<p style=\\\"padding-left: 40px;\\\">● a) Obtener la tabla de verdad y las funciones lógicas de MA y de MC.<br>● b) Simplificar por Karnaugh las funciones e implementarlas con puertas lógicas. </p>', 15, 1, 5, '2024-03-01'),
(28, 'Materiales', '<p>1.- Se dispone de un cable de acero de 12 m de longitud y 80 mm2<br> de sección. Al someterlo a una carga<br>axial de 100 kN, llega a medir 12.078 m. Calcule:</p>\n<p style=\\\"padding-left: 40px;\\\"><br>a) La deformación unitaria ε y el esfuerzo unitario σ en GPa .<br>b) El módulo de elasticidad E del acero utilizado en GPa .<br>c) La fuerza en kN que hay que aplicar a un cable idéntico, para conseguir un alargamiento de 35 mm .</p>\n<p> </p>\n<p>2.-Calcule el módulo de elasticidad (E) en MPa, la dureza Brinell, expresada según la norma y la<br>resiliencia (ρ) en J/mm2, de un material, teniendo en cuenta que:</p>\n<p style=\\\"padding-left: 40px;\\\"><br>a) Una probeta de 100 mm de longitud y 150 mm2 de sección, se alarga 0.080 mm cuando se carga con 15 kN.<br>b) Una bola de diámetro D=2.5 mm, al aplicarle una fuerza de 188.5 kp durante 20 s, deja una huella de 0.24 mm de profundidad. Recuerde que el área de la huella que deja una bola de acero de diámetro D al penetrar la probeta una profundidad f es A=πDf .<br>c) La maza de 20 kg de un péndulo de Charpy, cae desde 1 m de altura sobre una probeta de 400 mm2 de sección y asciende 45 cm después de romper la probeta (g=9.81 m/s2).</p>\n<p style=\\\"padding-left: 40px;\\\"> </p>\n<p>3.- </p>\n<p>a) Dibuje en el diagrama genérico de tracción del acero, los puntos límites de fluencia y de rotura.<br>Indique qué ocurre en ellos .<br>b) Calcule la sección mínima en mm2 , de un cable de acero (E=200 GPa) de 50 m de longitud, capaz de soportar una carga de 10 kN, si el esfuerzo normal no puede superar los 150 MPa, ni el<br>alargamiento los 25 mm.<br>c) Calcule la resiliencia de este acero en J/mm2 , si la maza de 40 kg de un péndulo de Charpy que cae desde 1m de altura, asciende 35 cm después de romper una probeta de 625 mm2  de sección<br>(g=9.81 m/s2) .</p>', 15, 1, 5, '2024-03-01'),
(29, 'Combinatoria', '<p>1.- Haz diagramas en árbol y calcula:</p>\n<p style=\\\"padding-left: 40px;\\\"><br>a) Cuántas palabras de 2 letras distintas (con significado o sin él) puedes escribir con las letras A, B o C.<br>b) Cuántas palabras de 3 letras distintas que empiecen por vocal y terminen por consonante. Recuerda hay 5 vocales y<br>22 consonantes.</p>\n<p><br>2.- Ana tiene 5 camisetas, 3 pantalones y 4 pares de zapatillas. ¿Puede llevar un modelo diferente durante dos meses (61<br>días)? ¿Cuántos días deberá repetir modelo? Ayuda: Seguro que un diagrama en árbol te resuelve el problema</p>\n<p><br>3.- En un tablero cuadrado con 25 casillas, ¿de cuántas formas diferentes podemos colocar 2 fichas idénticas de modo que<br>estén en distinta fila y en distinta columna? Sugerencia: Confecciona un diagrama de árbol. ¿Cuántas casillas hay para<br>colocar la primera ficha? Si eliminamos su fila y su columna ¿En cuántas casillas podemos colocar la segunda ficha?</p>\n<p>4.- ¿De cuántas formas pueden repartirse 4 personas, 4 pasteles distintos comiendo cada persona un pastel?</p>\n<p>5.- En una carrera de caballos participan 5 caballos con los números 1, 2, 3, 4 y 5. ¿Cuál de ellos puede llegar el primero? Si<br>la carrera está amañada para que el número 4 llegue el primero, ¿cuál de ellos puede llegar el segundo? Si la carrera no<br>está amañada, ¿de cuántas formas distintas pueden llegar a la meta? Haz un diagrama en árbol para responder. </p>\n<p>5.- El desempleo aumenta y en una oficina de colocación hay 7 personas. ¿ De cuántas formas distintas pueden haber<br>llegado?</p>\n<p><br>6. Calcula:</p>\n<p>a) <img title=\\\"\\\\frac{6!}{4!}\\\" src=\\\"https://latex.codecogs.com/svg.image?\\\\frac{6!}{4!}\\\">                 b)   <img title=\\\"\\\\frac{7!}{3!}\\\" src=\\\"https://latex.codecogs.com/svg.image?\\\\frac{7!}{3!}\\\">                c)  <img title=\\\"\\\\frac{8!}{5!\\\\cdot 3!}\\\" src=\\\"https://latex.codecogs.com/svg.image?\\\\frac{8!}{5!\\\\cdot&amp;space;3!}\\\">                  d)    <img title=\\\"\\\\frac{6!}{5!}\\\" src=\\\"https://latex.codecogs.com/svg.image?\\\\frac{6!}{5!}\\\">                e) <img title=\\\"\\\\frac{12!}{11!}\\\" src=\\\"https://latex.codecogs.com/svg.image?\\\\frac{12!}{11!}\\\">            </p>', 8, 1, 5, '2024-03-01'),
(30, 'Geometría', '<p>1. ¿Es posible encontrar un triángulo rectángulo cuyos catetos midan 12 y 16 cm y su hipotenusa 30 cm? Si tu respuesta es<br>negativa, halla la medida de la hipotenusa de un triángulo rectángulo cuyos catetos miden 12 y 16 cm.</p>\n<p><br>2. Calcula la longitud de la hipotenusa de los siguientes triángulos rectángulos de catetos:</p>\n<p style=\\\"padding-left: 40px;\\\"><br>a) 4 cm y 3 cm b) 1 m y 7 m<br>c) 2 dm y 5 dm d) 23.5 km y 47.2 km.<br>Utiliza la calculadora si te resulta necesaria.</p>\n<p><br>3. Calcula la longitud del cateto que falta en los siguientes triángulos rectángulos de hipotenusa y cateto:</p>\n<p style=\\\"padding-left: 40px;\\\"><br>a) 8 cm y 3 cm b) 15 m y 9 m<br>c) 35 dm y 10 dm d) 21.2 km y 11.9 km</p>\n<p><br>4. Calcula el área de un triángulo equilátero de lado 5 m.</p>\n<p><br>5. Calcula el área de un hexágono regular de lado 7 cm.</p>\n<p><br>6. Una caja tiene forma cúbica de 3 cm de arista. ¿Cuánto mide su diagonal?</p>\n<p><br>7. Calcula la medida de la diagonal de una sala que tiene 8 metros de largo, 5 metros de ancho y 3 metros de altura   </p>', 8, 1, 5, '2024-03-01'),
(31, 'Equaciones y sistemas', '<p>1. Indica si son ecuaciones de segundo grado las siguientes ecuaciones:</p>\n<p style=\\\"padding-left: 40px;\\\">a) <img title=\\\"3x^{2}-\\\\sqrt{7}x+5=0\\\" src=\\\"https://latex.codecogs.com/svg.image?3x^{2}-\\\\sqrt{7}x+5=0\\\">           b) <img title=\\\"4.7x^{2}-6.25=0\\\" src=\\\"https://latex.codecogs.com/svg.image?4.7x^{2}-6.25=0\\\">         c)  <img title=\\\"7x^{2}-\\\\frac{2}{x}+5x=0\\\" src=\\\"https://latex.codecogs.com/svg.image?7x^{2}-\\\\frac{2}{x}+5x=0\\\">             d)  <img title=\\\"2xy^{2}-5=0\\\" src=\\\"https://latex.codecogs.com/svg.image?2xy^{2}-5=0\\\">     </p>\n<p style=\\\"padding-left: 40px;\\\"> </p>\n<p style=\\\"padding-left: 40px;\\\">e)  <img title=\\\"33-2.35x=0\\\" src=\\\"https://latex.codecogs.com/svg.image?33-2.35x=0\\\">                 f)  <img title=\\\"9x^{2}-52\\\\sqrt{x}+3.2=0\\\" src=\\\"https://latex.codecogs.com/svg.image?9x^{2}-52\\\\sqrt{x}+3.2=0\\\"></p>\n<p style=\\\"padding-left: 40px;\\\"> </p>\n<p>2.- Resuelve las siguientes ecuaciones:   </p>\n<p> </p>\n<p style=\\\"padding-left: 40px;\\\">a)  <img title=\\\"2x-3\\\\cdot\\\\frac{x-1}{5}=6x^{2}-\\\\frac{8x-3}{5}\\\" src=\\\"https://latex.codecogs.com/svg.image?2x-3\\\\cdot\\\\frac{x-1}{5}=6x^{2}-\\\\frac{8x-3}{5}\\\">                              b)  <img title=\\\"2\\\\cdot\\\\frac{x-7}{5}-\\\\frac{3-2x}{x}=10\\\" src=\\\"https://latex.codecogs.com/svg.image?2\\\\cdot\\\\frac{x-7}{5}-\\\\frac{3-2x}{x}=10\\\"></p>\n<p style=\\\"padding-left: 40px;\\\"> </p>\n<p style=\\\"padding-left: 40px;\\\">c)  <img title=\\\"5x\\\\cdot(x-3)+4(x^{2}-5)+10=-10\\\" src=\\\"https://latex.codecogs.com/svg.image?5x\\\\cdot(x-3)+4(x^{2}-5)+10=-10\\\">                       d)  <img title=\\\"\\\\frac{2-5x^{2}}{3x}-\\\\frac{4}{3}=\\\\frac{4x-7}{6}\\\" src=\\\"https://latex.codecogs.com/svg.image?\\\\frac{2-5x^{2}}{3x}-\\\\frac{4}{3}=\\\\frac{4x-7}{6}\\\"></p>\n<p style=\\\"padding-left: 40px;\\\"> </p>\n<p>3.- . Escribe una ecuación de segundo grado cuyas soluciones sean 5 y 9. </p>\n<p>4.- El perímetro de un rectángulo mide 20 cm y su área 24 cm2. Calcula mentalmente sus dimensiones. </p>\n<p>5.- Si 3 es una solución de  <img title=\\\"x^{2}-7x+a=0\\\" src=\\\"https://latex.codecogs.com/svg.image?x^{2}-7x+a=0\\\">  ¿cuánto vale a?</p>\n<p>6.- Resuelve las siguientes ecuaciones irracionales</p>\n<p> </p>\n<p style=\\\"padding-left: 40px;\\\">a)  <img title=\\\"\\\\sqrt{5x+4}-1=2x\\\" src=\\\"https://latex.codecogs.com/svg.image?\\\\sqrt{5x+4}-1=2x\\\">                          b)<img title=\\\"\\\\sqrt{x+19}+1=\\\\sqrt{2x+4}\\\" src=\\\"https://latex.codecogs.com/svg.image?\\\\sqrt{x+19}+1=\\\\sqrt{2x+4}\\\">                              c)  <img title=\\\"3\\\\sqrt{x-1}+11=2x\\\" src=\\\"https://latex.codecogs.com/svg.image?3\\\\sqrt{x-1}+11=2x\\\"></p>', 8, 1, 5, '2024-03-01'),
(32, 'Semejanza', '<p>1. Mide tu altura en una foto y calcula el factor de semejanza.</p>\n<p>2. El diámetro de un melocotón es tres veces mayor que el de su hueso, y mide 8 cm. Calcula el volumen del melocotón,<br>suponiendo que es esférico, y el de su hueso, también esférico. ¿Cuál es la razón de proporcionalidad entre el volumen<br>del melocotón y el del hueso?</p>\n<p><br>3. En la pizzería tienen pizzas de varios precios: 3 €, 6 € y 9 €. Los diámetros de estas pizzas son: 15 cm, 20 cm y 30 cm,<br>¿cuál resulta más económica? Calcula la relación entre las áreas y compárala con la relación entre los precios.</p>\n<p><br>4. Una maqueta de un depósito cilíndrico de 1 000 litros de capacidad y 5 metros de altura, queremos que tenga una<br>capacidad de 1 litro. ¿Qué altura debe tener la maqueta?</p>\n<p>5.- . Una pirámide regular hexagonal, de lado de la base 3 cm y altura 10 cm, se corta por un plano a una distancia de 4 cm<br>del vértice, con lo que se obtiene una nueva pirámide. ¿Cuánto miden sus dimensiones?</p>\n<p><br>6. Sean ABC y AED dos triángulos en posición Tales. Se sabe que AB = 7 m, BC = 5 m, AC = 4 m y AD = 14 m. Calcula las<br>dimensiones de AED y su perímetro.</p>\n<p>7. Reto: Utiliza una hoja en blanco para demostrar el teorema de Tales sin ayuda. No hace falta que utilices el mismo<br>procedimiento que el libro. Hay muchas maneras de demostrar el teorema.</p>\n<p>8. Un triángulo tiene lados de 12 cm, 14 cm y 8 cm. Un triángulo semejante a él tiene un perímetro de 80 cm. ¿Cuánto<br>miden sus lados?</p>\n<p>9. Los catetos de un triángulo rectángulo miden 3 y 4 cm, ¿cuánto mide la altura sobre la hipotenusa?</p>\n<p>10. Los catetos de un triángulo rectángulo miden 3 y 4 cm, ¿cuánto mide la proyección sobre la hipotenusa de cada uno de<br>esos catetos?</p>', 8, 1, 5, '2024-03-01'),
(33, 'Herencia biológica', '<p>1.- En los guisantes, el gen para el color de la piel tiene dos alelos: amarillo (A) y verde (a). El gen que determina la textura de la piel tiene otros dos: piel lisa (B) y rugosa (b). Se cruzan plantas de guisantes amarillos lisos (AA,BB) con plantas de guisantes verdes-rugosos (aa,bb), obteniendo 1000 guisantes de estos cruces.</p>\n<p>¿Qué resultados son esperables?</p>\n<p> </p>\n<p>2.- La <strong><em>aniridia</em></strong> (dificultades en la visión) en el hombre se debe a un factor dominante (A). La <strong><em>jaqueca</em></strong> es debida a otro gen también dominante (J). Un hombre que padecía de aniridia y cuya madre no, se casó con una mujer que sufría jaqueca, pero cuyo padre no la sufría. Ni el hombre tenía jaqueca, ni la mujer <em>aniridia.</em> ¿Qué proporción de sus hijos sufrirán ambos males?</p>\n<p> </p>\n<p>3.-En los guisantes, el gen que determina el color de la piel tiene dos alelos: amarillo (A) y verde (a). El gen que determina la textura de la piel tiene otros dos: piel lisa (B) y rugosa (b). Se cruzan plantas de guisantes amarillos lisos (Aa,Bb) con plantas de guisantes amarilloslisos (Aa,Bb). De estos cruces se obtienen plantas que dan 220 Kg de guisantes.</p>\n<section id=\\\"taquesQuestion0b14632\\\" class=\\\"block iDevice_content\\\">\n<p>¿Cuántos kilogramos de cada tipo se obtendrán?</p>\n<p> </p>\n<p>4.-En los guisantes, el gen para el color de la piel tiene dos alelos: amarillo (A) y verde (a). El gen que determina la textura de la piel tiene otros dos: piel lisa (B) y rugosa (b). Se cruzan plantas de guisantes amarillos lisos (Aa,Bb) con plantas de guisantes verdes lisos (aa,Bb). De estos cruces se obtienen 884 Kg de guisantes. </p>\n<section id=\\\"taquesQuestion0b14633\\\" class=\\\"block iDevice_content\\\">\n<p>¿Qué resultados son los esperados?</p>\n<p> </p>\n<p>5.- Los ratones gordos se pueden producir por dos genes independientes: el genotipo \\\"oo\\\" produce un ratón gordo llamado <em>obeso</em> y el genotipo \\\"aa\\\" da origen a un ratón gordo llamado <em>adiposo.</em> Los alelos dominantes producen crecimiento <em>normal.</em> ¿Qué proporción fenotípica de ratones <em>gordos</em> frente a <em>normales</em> se espera en el cruce entre dos ratones de genotipo OoAa?</p>\n<p> </p>\n<p>6.- Una planta que tiene hojas compuestas y aserradas se cruza con otra planta que tiene hojas simples y lobuladas. Cada progenitor es homocigótico para una de las características dominantes y para una de las características recesivas. ¿Cuál es el genotipo de la generación F1?. ¿Cuál es su fenotipo?. Si se cruzan individuos de la F1, ¿qué fenotipos tendrá la generación F2 y en qué proporción?. (Utilice los símbolos C: compuestas, c: simple, A: lobuladas; a: aserrada). Razone las respuestas.</p>\n<p> </p>\n<p>7.- Supongamos que en los humanos, la herencia del color del pelo y de los ojos es sencilla y está determinada por dos genes autosómicos con las siguientes relaciones: Color marrón de los ojos (A) dominante sobre el azul (a) y cabello oscuro (B) dominante sobre el cabello rubio (b). </p>\n<section id=\\\"taquesQuestion0b14637\\\" class=\\\"block iDevice_content\\\">\n<p>a) Un hombre de ojos marrones y pelo oscuro se casa con una mujer de ojos azules y pelo oscuro y tienen 2 hijos, uno de ojos marrones y pelo rubio y otro de ojos azules y pelo oscuro. Indique razonadamente los genotipos de los padres y de los hijos.</p>\n<p>b) Si el hombre del apartado anterior de ojos marrones y cabello oscuro se casara con una mujer de ojos azules y pelo rubio. ¿Qué genotipos y fenotipos podrían tener los hijos de la pareja?</p>\n</section>\n</section>\n</section>', 12, 1, 5, '2024-03-01'),
(36, 'Electricidad y electrónica', '<p>1. Dibuja y calcular la resistencia equivalente a dos resistencias de 20 Ω y 30 Ω, conectadas<br>en serie. Calcular la intensidad que atravesará dicho circuito cuando se conecta a una pila<br>de 4’5 V y la caída de tensión en cada bombilla. (Sol.: Re=50Ω; I=0,09A; <img title=\\\"V_{1}\\\" src=\\\"https://latex.codecogs.com/svg.image?V_{1}\\\">=1’8V; <img title=\\\"V_{2}\\\" src=\\\"https://latex.codecogs.com/svg.image?V_{2}\\\">= 2’7V).</p>\n<p>2. Dibuja y calcular el valor de la resistencia equivalente en un circuito compuesto por tres<br>bombillas de 30 Ω conectadas en serie Hallar el valor de la intensidad de corriente que<br>atravesará el circuito sabiendo que está conectado a una fuente de alimentación de 4’5 V y la<br>caída de tensión en cada bombilla. (Sol.: Re=90Ω; I=0,05A,  <img title=\\\"V_{1}\\\" src=\\\"https://latex.codecogs.com/svg.image?V_{1}\\\">= <img title=\\\"V_{2}\\\" src=\\\"https://latex.codecogs.com/svg.image?V_{2}\\\">= <img title=\\\"V_{3}\\\" src=\\\"https://latex.codecogs.com/svg.image?V_{3}\\\">=1’5V).</p>\n<p><br>3. Dos operadores con resistencia de 30 Ω cada uno se conectan en serie a una fuente de<br>alimentación Calcular la tensión que deberá suministrar dicha fuente si la intensidad que debe<br>atravesar a los citados operadores debe ser de 0,05 A. ¿Qué caída de tensión habrá en cada<br>operador? (Sol.: V=3V;  <img title=\\\"V_{r}\\\" src=\\\"https://latex.codecogs.com/svg.image?V_{r}\\\">=1’5V).</p>\n<p>4. Necesitamos conectar un operador con una resistencia de 30 Ω en un circuito con una pila<br>de 9 V. La intensidad que debe atravesar dicho operador debe ser de 0’1 A. Hallar el valor de<br>la resistencia que debemos conectar en serie al operador para conseguir aquel valor de la<br>intensidad. (Sol.: R=60Ω).</p>\n<p>5. Averiguar la intensidad que atravesará cada una de las resistencias y la total en el circuito<br>cuando se conectan en paralelo dos resistencias de 20 Ω a una pila de 8 V. Calcular la<br>resistencia equivalente (Sol.: I=0,8A;  <img title=\\\"I_{R}\\\" src=\\\"https://latex.codecogs.com/svg.image?I_{R}\\\">=0’4A;  <img title=\\\"R_{e}\\\" src=\\\"https://latex.codecogs.com/svg.image?R_{e}\\\">=10Ω).</p>\n<p>6. Calcular la resistencia equivalente de un circuito paralelo compuesto por 4 bombillas de<br>80 Ω de resistencia, a 220 V Calcular cuál será la intensidad que recorrerá el circuito y la que<br>atravesará cada una de las lámparas. (Sol.: <img title=\\\"R_{e}\\\" src=\\\"https://latex.codecogs.com/svg.image?R_{e}\\\">=20Ω;  <img title=\\\"I_{1}\\\" src=\\\"https://latex.codecogs.com/svg.image?I_{1}\\\">=2’75 A;  <img title=\\\"I_{T}\\\" src=\\\"https://latex.codecogs.com/svg.image?I_{T}\\\">=11A).</p>\n<p><br>7. Un fusible es un elemento de protección que se funde cuando por él circula una intensidad de<br>corriente superior a un límite. Calcula cuántas lámparas de 200 Ω se podrán conectar en paralelo<br>a una pila de 9V, si la instalación tiene un fusible de 1 A. (Sol.: 22 lámparas).</p>\n<p> </p>', 4, 1, 5, '2024-03-01'),
(37, 'Tecnologías de la comunicación', '<p>1- ¿A qué término nos estamos refiriendo?</p>\n<p style=\\\"padding-left: 40px;\\\"><br>– Debilitamiento de una onda con la distancia.<br>– Número de veces que una onda se repite por segundo.<br>– Transmisión de información a distancia.<br>– Cantidad de información que se puede transmitir por un canal por unidad detiempo.<br>– Distorsión producida en una onda por la presencia de otras ondas</p>\n<p style=\\\"padding-left: 40px;\\\"> </p>\n<p>2- Algunas de estas afirmaciones son incorrectas. Para ser correctas necesitan que se<br>reemplace una palabra por otra (en algunos casos, en lugar de una palabra puede<br>tratarse de un grupo de palabras); encuentra las afirmaciones incorrectas y<br>corrígelas:</p>\n<p style=\\\"padding-left: 40px;\\\"><br>a) El espectro fotoeléctrico es una pequeña parte del espectro electromagnético,<br>situada en la zona de frecuencias más bajas.<br>b) En la comunicación inalámbrica la información viaja a través de ondas.<br>c) Las ondas electromagnéticas de mayor frecuencia son las visibles</p>\n<p style=\\\"padding-left: 40px;\\\"> </p>\n<p>3- ¿A qué término nos estamos refiriendo?</p>\n<p style=\\\"padding-left: 40px;\\\"><br>– Cable sencillo de poca protección frente a las interferencias, usado<br>principalmente en redes de comunicación locales.<br>– Cable que permite transportar la luz en su interior.</p>\n<p style=\\\"padding-left: 40px;\\\"> </p>\n<p>4- ¿Qué tipo de cable emplearías para conectar una red de ordenadores dentro del<br>mismo edificio? ¿Por qué?</p>\n<p> </p>\n<p>5- ¿A qué término nos estamos refiriendo?</p>\n<p style=\\\"padding-left: 40px;\\\"><br>– Parte del teléfono que transforma una señal eléctrica en una onda de sonido.<br>– Tubo que dirige un haz de electrones hacia la pantalla del televisor.<br>– Pequeños puntos en los que se divide la imagen de un televisor de pantalla plana.</p>\n<p style=\\\"padding-left: 40px;\\\"> </p>\n<p>6 - Responde a las siguientes preguntas:</p>\n<p style=\\\"padding-left: 40px;\\\"><br>– ¿Qué tipo de televisores son más voluminosos? ¿Por qué?<br>– ¿Cuáles son los tres colores básicos a partir de los cuales se forma la imagendel televisor?<br>– ¿Qué significa VHF y con que sistema de comunicación lo asocias?<br>– ¿Qué tipo de señales envía la base de un teléfono inalámbrico al terminal?<br>– ¿Qué tipo de modulación ha sufrido esta onda? Justifica tu respuesta.</p>', 4, 1, 5, '2024-03-01'),
(38, 'Álgebra booleana', '<p>1.-Indica, para cada una de las puertas lógicas básicas AND, OR y NOT, la operación booleanaque realizan, su tabla de verdad y su símbolo tradicional. </p>\n<table style=\\\"border-collapse: collapse; width: 17.5084%; height: 94px; border-width: 2px;\\\" border=\\\"1\\\"><colgroup><col style=\\\"width: 24.9987%;\\\"><col style=\\\"width: 24.9987%;\\\"><col style=\\\"width: 24.9987%;\\\"><col style=\\\"width: 24.9987%;\\\"></colgroup>\n<tbody>\n<tr>\n<td style=\\\"border-width: 2px; text-align: center;\\\">Puerta lógica</td>\n<td style=\\\"border-width: 2px; text-align: center;\\\">Operación booleana</td>\n<td style=\\\"border-width: 2px; text-align: center;\\\">Tabla de verdad</td>\n<td style=\\\"border-width: 2px; text-align: center;\\\">Símbolo tradicional</td>\n</tr>\n<tr>\n<td style=\\\"border-width: 2px; text-align: center;\\\">AND</td>\n<td style=\\\"border-width: 2px; text-align: center;\\\"> </td>\n<td style=\\\"border-width: 2px; text-align: center;\\\"> </td>\n<td style=\\\"border-width: 2px; text-align: center;\\\"> </td>\n</tr>\n<tr>\n<td style=\\\"border-width: 2px; text-align: center;\\\">OR</td>\n<td style=\\\"border-width: 2px; text-align: center;\\\"> </td>\n<td style=\\\"border-width: 2px; text-align: center;\\\"> </td>\n<td style=\\\"border-width: 2px; text-align: center;\\\"> </td>\n</tr>\n<tr>\n<td style=\\\"border-width: 2px; text-align: center;\\\">NOT</td>\n<td style=\\\"border-width: 2px; text-align: center;\\\"> </td>\n<td style=\\\"border-width: 2px; text-align: center;\\\"> </td>\n<td style=\\\"border-width: 2px; text-align: center;\\\"> </td>\n</tr>\n</tbody>\n</table>\n<p> </p>\n<p>2.-Obtén la primera forma canónica de la función lógica g definidamediante la siguiente tabla de verdad: </p>\n<p> </p>\n<table style=\\\"border-collapse: collapse; width: 18.1389%; height: 287px; border-width: 2px; border-style: solid;\\\" border=\\\"1\\\"><colgroup><col style=\\\"width: 25.1487%;\\\"><col style=\\\"width: 25.1487%;\\\"><col style=\\\"width: 25.1487%;\\\"><col style=\\\"width: 25.1487%;\\\"></colgroup>\n<tbody>\n<tr>\n<td style=\\\"border-width: 2px; text-align: center;\\\" colspan=\\\"3\\\">Variables</td>\n<td style=\\\"border-width: 2px;\\\">Función</td>\n</tr>\n<tr>\n<td style=\\\"border-width: 2px; text-align: center;\\\">A</td>\n<td style=\\\"border-width: 2px; text-align: center;\\\">B</td>\n<td style=\\\"border-width: 2px; text-align: center;\\\">C</td>\n<td style=\\\"border-width: 2px; text-align: center;\\\">g</td>\n</tr>\n<tr>\n<td style=\\\"border-width: 2px; text-align: center;\\\">0</td>\n<td style=\\\"border-width: 2px; text-align: center;\\\">0</td>\n<td style=\\\"border-width: 2px; text-align: center;\\\">0</td>\n<td style=\\\"border-width: 2px; text-align: center;\\\">1</td>\n</tr>\n<tr>\n<td style=\\\"border-width: 2px; text-align: center;\\\">0</td>\n<td style=\\\"border-width: 2px; text-align: center;\\\">0</td>\n<td style=\\\"border-width: 2px; text-align: center;\\\">1</td>\n<td style=\\\"border-width: 2px; text-align: center;\\\">1</td>\n</tr>\n<tr>\n<td style=\\\"border-width: 2px; text-align: center;\\\">0</td>\n<td style=\\\"border-width: 2px; text-align: center;\\\">1</td>\n<td style=\\\"border-width: 2px; text-align: center;\\\">0</td>\n<td style=\\\"border-width: 2px; text-align: center;\\\">0</td>\n</tr>\n<tr>\n<td style=\\\"border-width: 2px; text-align: center;\\\">0</td>\n<td style=\\\"border-width: 2px; text-align: center;\\\">1</td>\n<td style=\\\"border-width: 2px; text-align: center;\\\">1</td>\n<td style=\\\"border-width: 2px; text-align: center;\\\">1</td>\n</tr>\n<tr>\n<td style=\\\"border-width: 2px; text-align: center;\\\">1</td>\n<td style=\\\"border-width: 2px; text-align: center;\\\">0</td>\n<td style=\\\"border-width: 2px; text-align: center;\\\">0</td>\n<td style=\\\"border-width: 2px; text-align: center;\\\">1</td>\n</tr>\n<tr>\n<td style=\\\"border-width: 2px; text-align: center;\\\">1</td>\n<td style=\\\"border-width: 2px; text-align: center;\\\">0</td>\n<td style=\\\"border-width: 2px; text-align: center;\\\">1</td>\n<td style=\\\"border-width: 2px; text-align: center;\\\">0</td>\n</tr>\n<tr>\n<td style=\\\"border-width: 2px; text-align: center;\\\">1</td>\n<td style=\\\"border-width: 2px; text-align: center;\\\">1</td>\n<td style=\\\"border-width: 2px; text-align: center;\\\">0</td>\n<td style=\\\"border-width: 2px; text-align: center;\\\">1</td>\n</tr>\n<tr>\n<td style=\\\"border-width: 2px; text-align: center;\\\">1</td>\n<td style=\\\"border-width: 2px; text-align: center;\\\">1</td>\n<td style=\\\"border-width: 2px; text-align: center;\\\">1</td>\n<td style=\\\"border-width: 2px; text-align: center;\\\">1</td>\n</tr>\n</tbody>\n</table>\n<p> </p>\n<p>3.</p>\n<p> a) Evalúa la siguiente expresión algebraica booleana:</p>\n<p style=\\\"padding-left: 40px;\\\"><img title=\\\"\\\\overline{(0\\\\cdot\\\\overline{0}+0\\\\cdot 1)}+1\\\\cdot(0+\\\\overline{1})+\\\\overline{1}\\\\cdot(1\\\\cdot\\\\overline{1})+\\\\overline{0}=\\\" src=\\\"https://latex.codecogs.com/svg.image?\\\\overline{(0\\\\cdot\\\\overline{0}+0\\\\cdot&amp;space;1)}+1\\\\cdot(0+\\\\overline{1})+\\\\overline{1}\\\\cdot(1\\\\cdot\\\\overline{1})+\\\\overline{0}=\\\"></p>\n<p style=\\\"padding-left: 40px;\\\"> </p>\n<p> b) Simplifica tanto como sea posible la siguiente función algebraica utilizando únicamente propiedades booleanas:</p>\n<p> </p>\n<p style=\\\"padding-left: 40px;\\\"><img title=\\\"F=A\\\\cdot(B+1)+B\\\\cdot(C+\\\\overline{C})+C\\\\cdot C\\\" src=\\\"https://latex.codecogs.com/svg.image?F=A\\\\cdot(B+1)+B\\\\cdot(C+\\\\overline{C})+C\\\\cdot&amp;space;C\\\"></p>\n<p> </p>\n<p>4.- Implementa, utilizando las puertas lógicas AND, OR y NOT, las funciones lógicas dadas por las siguiente expresión algebraicas:</p>\n<p style=\\\"padding-left: 40px;\\\"><img title=\\\"g=A+\\\\overline{(B+\\\\overline{C})}\\\\cdot B+\\\\overline{A\\\\cdot B}\\\\cdot(A+\\\\overline{C})\\\" src=\\\"https://latex.codecogs.com/svg.image?g=A+\\\\overline{(B+\\\\overline{C})}\\\\cdot&amp;space;B+\\\\overline{A\\\\cdot&amp;space;B}\\\\cdot(A+\\\\overline{C})\\\"></p>', 4, 1, 5, '2024-03-01');

-- --------------------------------------------------------

--
-- Estructura de tabla para la tabla `roles`
--

CREATE TABLE `roles` (
  `id` int(11) NOT NULL,
  `rol` varchar(30) NOT NULL
) ENGINE=InnoDB DEFAULT CHARSET=utf8mb4 COLLATE=utf8mb4_unicode_ci;

--
-- Volcado de datos para la tabla `roles`
--

INSERT INTO `roles` (`id`, `rol`) VALUES
(1, 'administrador'),
(2, 'profesor'),
(3, 'estudiante');

-- --------------------------------------------------------

--
-- Estructura de tabla para la tabla `usuarios`
--

CREATE TABLE `usuarios` (
  `id` int(11) NOT NULL,
  `usuario` varchar(30) NOT NULL,
  `password` varchar(120) NOT NULL,
  `nombre` varchar(50) NOT NULL,
  `apellido1` varchar(50) NOT NULL,
  `apellido2` varchar(50) NOT NULL,
  `email` varchar(50) DEFAULT NULL,
  `telefono` varchar(20) DEFAULT NULL,
  `fecha_alta` date NOT NULL,
  `activo` tinyint(1) DEFAULT NULL,
  `rol` int(11) NOT NULL,
  `curso` int(11) DEFAULT NULL
) ENGINE=InnoDB DEFAULT CHARSET=utf8mb4 COLLATE=utf8mb4_unicode_ci;

--
-- Volcado de datos para la tabla `usuarios`
--

INSERT INTO `usuarios` (`id`, `usuario`, `password`, `nombre`, `apellido1`, `apellido2`, `email`, `telefono`, `fecha_alta`, `activo`, `rol`, `curso`) VALUES
(1, 'administrador', '$2y$10$Ev0fIYttQSAnrDnItJM47OYTauwOdEOIVqZYoxmzirIpX2jY5OlaK', 'Ricardo', 'Otero', 'González', 'ricardoog@gmail.com', '678674981', '2024-01-25', 1, 1, NULL),
(2, 'profesor1', '$2y$10$jS7PuOOLR/3jWaLthjl0j.PSt9C3ENXi3v/Hy0GqsxmPBVBu9P5t6', 'David', 'López', 'García', 'davidlopez@hotmail.com', '678999000', '2024-01-30', 1, 2, NULL),
(3, 'profesor2', '$2y$10$tq6VjT6LSfOlK0VmWc2sr.wJD3DG2VimFG2bsl2zAY.mzqdtXFMPy', 'Jose Luis', 'Gallardo', 'Pérez', 'gallardoperez@gmail.es', '786564342', '2024-01-30', 1, 2, NULL),
(4, 'estudiante2', '$2y$10$Fb3X41c2kQ0hYwqoznYKNuQaR1tURjtyqVw6MdWXqG.lxwlk0JT92', 'Ángela', 'Prol', 'Vidal', 'angelaprol@gmail.com', NULL, '2024-01-30', 1, 3, 9),
(5, 'profesor3', '$2y$10$7HPqjPfpWK6I8VEz7m0L2OVEtxGD9oAEWgXXVk/f0OgWFAhLYjVte', 'Antón', 'Otero', 'Otero', 'antonoo@gmail.com', '788000894', '2024-02-22', 1, 2, NULL),
(6, 'estudiante1', '$2y$10$HJLCtsiHpDKpeMAkytrx8ewIppmH88T5viOD0tj4Olyxg5wJsSIvK', 'Juan', 'Caamaño', 'Del Toro', 'caamanodeltoro@terra.es', '654349874', '2024-01-30', 1, 3, 8),
(7, 'liacb', '$2y$10$smkLsHA8IznlV.o9.HNzoOc5w5q6g8SciSqJKHCdcFI/doxIYMvhC', 'Lia', 'Castro', 'Bea', 'liacb@gmail.com', NULL, '2024-02-28', 1, 3, 9),
(8, 'juliabc', '$2y$10$8mTrUr6Y4j6U9Bu4oUe4..Kp39KXXv8Fn6VedVUGXYqc5vtb9LJI.', 'Julia', 'Bermudez', 'Casal', 'juliabc@outlook.es', '658987452', '2024-02-29', 1, 1, NULL),
(9, 'uxiacp', '$2y$10$H6Tn06vhVlwA0dlfn8gSzu57saE9hxyni9Rla75GR1mPJVOmQfDsC', 'Uxía', 'Calvo', 'Pérez', 'uxiacp@gmail.com', NULL, '2024-02-29', 1, 3, 8),
(10, 'thiagolm', '$2y$10$DwPcyAEWF7wgQl7qEdtYrOOtyH5slPtOdBeKjyZUiZHQlqftbv7pa', 'Thiago', 'Lozano', 'Morera', NULL, NULL, '2024-02-29', 0, 3, 9),
(11, 'juanma', '$2y$10$8M3Dw7f6O26NDd63pWyQb.AJ5UoVHKA/UrTCsBX8fMlTrQ4ITuhP.', 'Juan', 'Mora', 'Alcántara', NULL, NULL, '2024-02-29', 1, 3, 9),
(12, 'felixfp', '$2y$10$cQs0a5c8eYaxV1jRVFs.C.MM1fwTXaJbOeQ/r1l8/QgS0tK9QQoYC', 'Felix', 'Freire', 'Planas', 'felixfp@outlook.es', '675982564', '2024-02-29', 1, 3, 9),
(13, 'alexiasp', '$2y$10$mMYZChy9ZUhQsP3VPuLnneOLiGZJgDfGhGF9BLSP0WzhuGKmTnpdu', 'Alexia', 'Sierra', 'Puerto', 'alexiasp@orange.es', '980675423', '2024-02-29', 1, 3, 9),
(14, 'bertasv', '$2y$10$LeYBaQ2XfpnN1kxB5wwhVOWNr8NcHp807Fsr239MDVhDgFF8owMP.', 'Berta', 'Sandoval', 'Vila', 'bertasv@gmail.com', '234666756', '2024-02-29', 1, 3, 9),
(15, 'mariabb', '$2y$10$bD4z9UJaiaBEUH12Kvk33O/9NMRw/Gry9X/wmTahO9jFLTZNHA7K6', 'María', 'Besada', 'Barreiro', 'mariabb@hotmail.com', '767545987', '2024-02-29', 1, 3, 9),
(16, 'naimavo', '$2y$10$xkbT3B.bt3Jqmq1/rXs7d.5spR4vEJqBLKU75xh1PErrTSAb6q4qi', 'Naima', 'Vazquez', 'Oliveira', 'naimavo@gmail.com', '689564887', '2024-02-29', 1, 3, 9),
(17, 'erikfl', '$2y$10$p5OBJnrcQAdYJRwbJbXQ6uOVyuAFBNeFgSoEHcU7pmRwU2WBrmWOC', 'Erik', 'Forte', 'Luna', 'erikfl@gmail.com', '689564777', '2024-02-29', 1, 3, 8),
(18, 'macarenavp', '$2y$10$6Traz2YPsCcnJQoMZxRxNuTwy/1T5zh7bInLu9odT1kRCRnxUW7ey', 'Macarena', 'Viera', 'Prados', 'macarenavp@outlook.com', NULL, '2024-02-29', 1, 3, 8),
(19, 'angelvl', '$2y$10$NMQzS/ttCy1nexoqojezT.HQmbz6.qREBDicowsi1RX95O2MwlJ3C', 'Ángel', 'Villanueva', 'Losada', 'angelvl@gmail.com', '786564333', '2024-02-29', 1, 3, 8),
(20, 'luislm', '$2y$10$Esyd1Nq0Cbr0gD.wtFMGcOA.33MLsv9UA.jYxwduwq0VWF36zNCzS', 'Luis', 'López', 'Molina', NULL, NULL, '2024-02-29', 1, 3, 8),
(21, 'rafaelabp', '$2y$10$KNGM7j0PIi4J2P.PppMxTe.ETkcp2sNfvPSkIkczbjniw9JswgRxu', 'Rafaela', 'Blasco', 'Pereira', 'rafaelabp@gmail.com', '654888976', '2024-02-29', 1, 3, 8),
(22, 'jaimelm', '$2y$10$srkZbODXE3JB.A3NiDq1lu1EMUAR71zHnAXvpn7/mNI2N5b4o83o2', 'Jaime', 'Lopez', 'Merino', 'jaimelm@vodafone.es', '623678875', '2024-02-29', 1, 3, 8),
(23, 'cristinatc', '$2y$10$VtuhDHbIpqUF43FAM.HFp.sPH.JLGswZjBYHbgOLDtwJjMi4LU7se', 'Cristina', 'Torres', 'Castillo', 'cristinatc@gmail.com', '752456321', '2024-02-29', 1, 3, 8),
(24, 'larapb', '$2y$10$NwAjixr88nVrJJPnnLdh7u0LhPlj4Gzrwwy3URHZ3aJB9fMfms8IW', 'Lara', 'Parejo', 'Bravo', 'larapb@gmail.com', NULL, '2024-02-29', 1, 3, 8),
(25, 'asiernv', '$2y$10$cn/DeByGTYqNfc.FSFTrNeLcWOzNbWhurG.Cj3QO80B2X4a3OE3wW', 'Asier', 'Nuñez', 'Veiga', 'asiernv@outlook.es', '633678438', '2024-02-29', 1, 3, 9),
(26, 'pablosb', '$2y$10$6f1ha8HSFnqYh0GciC5You/wNm1SsOnD1fUiz8YZC3oJcLX43J5e2', 'Pablo', 'Sales', 'Barrios', NULL, '614987642', '2024-02-29', 1, 3, 9),
(27, 'mariado', '$2y$10$XiVCCHq/c2UaX3I4OBg8heUtFZbiT76rTdVINzYF6drurSFK5HHJy', 'María', 'Delgado', 'Olivares', 'mariado@gmail.com', '659564328', '2024-02-29', 1, 3, 7),
(28, 'carlosro', '$2y$10$PM8Ke7OAzxLiMnmc3HAO/.iXKB/BUvbdIdNtBshhipumxahYeZc3q', 'Carlos', 'Rivera', 'Ortiz', 'carlosro@gmail.com', '765998563', '2024-02-29', 1, 3, 7),
(29, 'aitorcm', '$2y$10$qXWq50.Q.EHAiT73DA1AFeqqNd6o95M7gu4SR6G6SQF0i9LBpPBzq', 'Aitor', 'Castro', 'Marco', 'aitorcm@gmail.com', NULL, '2024-02-29', 1, 3, 6),
(30, 'estefaniacf', '$2y$10$K78iI2xNZ/cPP9NZQLJkWeW9YmORSzFu9SGSyP6BSo8nch6niJW3m', 'Estefanía', 'Ceballos', 'Freire', 'estefaniacf@gmail.com', '611452876', '2024-02-29', 1, 3, 6),
(33, 'xosecb', '$2y$10$TIh2LBVLWBuik/CCQ1meE.i8tHl5Ac2ujtUlTGMFJTRncQtH2tlh6', 'Xosé', 'Castro', 'Bea', 'xosecb@gmail.com', '763989333', '2024-03-04', 1, 3, 9),
(34, 'javiervv', '$2y$10$A6H9y9M.VUJ6unrFesq7M.gtz5T3ESDoYlHu29dn01HPacMDp/AbW', 'Javier', 'Vidal', 'Villar', NULL, NULL, '2024-03-04', 1, 3, 7),
(35, 'xoelgc', '$2y$10$YoD41dV1zBaY9K0mz4tNs.WkoLkMZ4fEZTlc/pCRZPHhffVOzS/s2', 'Xoel', 'García', 'Campos', 'xoelgc@gmail.com', '989764321', '2024-03-04', 1, 3, NULL),
(36, 'xuliaps', '$2y$10$znpOfz6fUa.bPJrsdtOybejvxEopkTzCQoxhbRw7HCRlDCsJ/hhLC', 'Xulia', 'Prol', 'Suarez', 'xuliaps@outlook.com', '644675981', '2024-03-04', 1, 3, 8),
(37, 'gonzalomp', '$2y$10$F8o53ssJCLMim8FSupjlB.pKdF12j5emZK1rroA1qu1C.HbexSz8W', 'Gonzalo', 'Mena', 'Parra', 'gonzalomp@gmail.com', NULL, '2024-03-04', 1, 3, 9),
(38, 'hugoga', '$2y$10$uv7WdCRfRo7xfC4Qsst4Y.ydGjOd6k4hffSa2r0.GQeXIeGBNWKEe', 'Hugo', 'Gámez', 'Arnau', 'hugoga@gmail.com', '678441984', '2024-03-04', 1, 3, 8),
(39, 'tamaracd', '$2y$10$9RzEkmjilNAmxZ2gpLRPGe/83zS7fh1M6t.0MAQ5tXXWtNdUsIsry', 'Tamara', 'Cano', 'Dominguez', NULL, NULL, '2024-03-04', 1, 3, 6),
(40, 'adrinasv', '$2y$10$ArpgeJcBa5/AXrfac0pEveBCfTYnOdRUxB3lQoSXRHrY0j6r9QAfi', 'Adriana', 'Silva', 'Vazquez', 'adrinasv@gmail.com', NULL, '2024-03-04', 1, 3, 9),
(41, 'evavs', '$2y$10$uodOvQMMJkX5YqOHqk9VqO7VKyL69ulwbCbZr/fpuO6jRzoEC5NNW', 'Eva', 'Villaverde', 'Saenz', 'evavs@gmail.com', '367863092', '2024-03-04', 1, 3, 7);

-- --------------------------------------------------------

--
-- Estructura de tabla para la tabla `usuario_asignatura`
--

CREATE TABLE `usuario_asignatura` (
  `usuario_id` int(11) NOT NULL,
  `asignatura_id` int(11) NOT NULL
) ENGINE=InnoDB DEFAULT CHARSET=utf8mb4 COLLATE=utf8mb4_unicode_ci;

--
-- Volcado de datos para la tabla `usuario_asignatura`
--

INSERT INTO `usuario_asignatura` (`usuario_id`, `asignatura_id`) VALUES
(4, 17),
(4, 21),
(6, 13),
(6, 18),
(6, 20),
(7, 15),
(7, 17),
(9, 13),
(9, 20),
(10, 16),
(10, 21),
(11, 16),
(11, 17),
(11, 21),
(12, 16),
(12, 21),
(13, 15),
(13, 21),
(14, 21),
(15, 16),
(15, 17),
(16, 15),
(16, 16),
(16, 17),
(16, 21),
(17, 13),
(18, 18),
(19, 20),
(20, 13),
(20, 20),
(21, 20),
(22, 13),
(22, 18),
(23, 13),
(23, 20),
(24, 20),
(25, 16),
(25, 21),
(26, 16),
(26, 17),
(26, 21),
(27, 8),
(28, 4),
(28, 8),
(28, 12),
(29, 7),
(30, 3),
(33, 16),
(33, 17),
(34, 4),
(34, 12),
(36, 20),
(37, 17),
(37, 21),
(38, 13),
(39, 7),
(40, 15),
(40, 17),
(41, 8);

--
-- Índices para tablas volcadas
--

--
-- Indices de la tabla `asignaturas`
--
ALTER TABLE `asignaturas`
  ADD PRIMARY KEY (`id`),
  ADD KEY `asignatura_curso` (`curso`);

--
-- Indices de la tabla `cursos`
--
ALTER TABLE `cursos`
  ADD PRIMARY KEY (`id`),
  ADD UNIQUE KEY `nombre` (`curso`);

--
-- Indices de la tabla `exercicios`
--
ALTER TABLE `exercicios`
  ADD PRIMARY KEY (`id`),
  ADD KEY `exercicio_asignatura` (`asignatura`),
  ADD KEY `exercicio_usuario` (`creador`);

--
-- Indices de la tabla `roles`
--
ALTER TABLE `roles`
  ADD PRIMARY KEY (`id`);

--
-- Indices de la tabla `usuarios`
--
ALTER TABLE `usuarios`
  ADD PRIMARY KEY (`id`),
  ADD UNIQUE KEY `usuario` (`usuario`),
  ADD UNIQUE KEY `usuario_2` (`usuario`),
  ADD KEY `usuario_rol` (`rol`),
  ADD KEY `usuario_curso` (`curso`);

--
-- Indices de la tabla `usuario_asignatura`
--
ALTER TABLE `usuario_asignatura`
  ADD PRIMARY KEY (`usuario_id`,`asignatura_id`),
  ADD KEY `asignatura_id` (`asignatura_id`);

--
-- AUTO_INCREMENT de las tablas volcadas
--

--
-- AUTO_INCREMENT de la tabla `asignaturas`
--
ALTER TABLE `asignaturas`
  MODIFY `id` int(11) NOT NULL AUTO_INCREMENT, AUTO_INCREMENT=24;

--
-- AUTO_INCREMENT de la tabla `cursos`
--
ALTER TABLE `cursos`
  MODIFY `id` int(11) NOT NULL AUTO_INCREMENT, AUTO_INCREMENT=11;

--
-- AUTO_INCREMENT de la tabla `exercicios`
--
ALTER TABLE `exercicios`
  MODIFY `id` int(11) NOT NULL AUTO_INCREMENT, AUTO_INCREMENT=39;

--
-- AUTO_INCREMENT de la tabla `roles`
--
ALTER TABLE `roles`
  MODIFY `id` int(11) NOT NULL AUTO_INCREMENT, AUTO_INCREMENT=4;

--
-- AUTO_INCREMENT de la tabla `usuarios`
--
ALTER TABLE `usuarios`
  MODIFY `id` int(11) NOT NULL AUTO_INCREMENT, AUTO_INCREMENT=42;

--
-- Restricciones para tablas volcadas
--

--
-- Filtros para la tabla `asignaturas`
--
ALTER TABLE `asignaturas`
  ADD CONSTRAINT `asignatura_curso` FOREIGN KEY (`curso`) REFERENCES `cursos` (`id`);

--
-- Filtros para la tabla `exercicios`
--
ALTER TABLE `exercicios`
  ADD CONSTRAINT `exercicio_asignatura` FOREIGN KEY (`asignatura`) REFERENCES `asignaturas` (`id`) ON UPDATE CASCADE,
  ADD CONSTRAINT `exercicio_usuario` FOREIGN KEY (`creador`) REFERENCES `usuarios` (`id`) ON UPDATE CASCADE;

--
-- Filtros para la tabla `usuarios`
--
ALTER TABLE `usuarios`
  ADD CONSTRAINT `usuario_curso` FOREIGN KEY (`curso`) REFERENCES `cursos` (`id`),
  ADD CONSTRAINT `usuario_rol` FOREIGN KEY (`rol`) REFERENCES `roles` (`id`);

--
-- Filtros para la tabla `usuario_asignatura`
--
ALTER TABLE `usuario_asignatura`
  ADD CONSTRAINT `usuario_asignatura_ibfk_1` FOREIGN KEY (`asignatura_id`) REFERENCES `asignaturas` (`id`) ON DELETE CASCADE ON UPDATE CASCADE,
  ADD CONSTRAINT `usuario_asignatura_ibfk_2` FOREIGN KEY (`usuario_id`) REFERENCES `usuarios` (`id`) ON DELETE CASCADE ON UPDATE CASCADE;




-- Creamos un usuario
create user administrador@'localhost' identified by 'admin';

-- damoslle permisos na base de datos "academia"
grant all on academia.* to administrador@'localhost';

COMMIT;

/*!40101 SET CHARACTER_SET_CLIENT=@OLD_CHARACTER_SET_CLIENT */;
/*!40101 SET CHARACTER_SET_RESULTS=@OLD_CHARACTER_SET_RESULTS */;
/*!40101 SET COLLATION_CONNECTION=@OLD_COLLATION_CONNECTION */;
